-- phpMyAdmin SQL Dump
-- version 5.2.1
-- https://www.phpmyadmin.net/
--
-- Host: 127.0.0.1
-- Generation Time: Jan 01, 2025 at 11:32 AM
-- Server version: 10.4.32-MariaDB
-- PHP Version: 8.2.12

SET SQL_MODE = "NO_AUTO_VALUE_ON_ZERO";
START TRANSACTION;
SET time_zone = "+00:00";


/*!40101 SET @OLD_CHARACTER_SET_CLIENT=@@CHARACTER_SET_CLIENT */;
/*!40101 SET @OLD_CHARACTER_SET_RESULTS=@@CHARACTER_SET_RESULTS */;
/*!40101 SET @OLD_COLLATION_CONNECTION=@@COLLATION_CONNECTION */;
/*!40101 SET NAMES utf8mb4 */;

--
-- Database: `dwh_uas`
--

-- --------------------------------------------------------

--
-- Table structure for table `dim_customer`
--

CREATE TABLE `dim_customer` (
  `customer_id` int(11) NOT NULL,
  `customer_name` varchar(100) DEFAULT NULL,
  `state_code` varchar(2) DEFAULT NULL,
  `FK_customer` int(11) NOT NULL
) ENGINE=InnoDB DEFAULT CHARSET=utf8mb4 COLLATE=utf8mb4_general_ci;

--
-- Dumping data for table `dim_customer`
--

INSERT INTO `dim_customer` (`customer_id`, `customer_name`, `state_code`, `FK_customer`) VALUES
(501, 'John Doe', 'CA', 1),
(502, 'Jane Smith', 'NY', 2),
(503, 'Alice Brown', 'TX', 3),
(504, 'Bob White', 'FL', 4),
(505, 'Chris Green', 'IL', 5),
(506, 'David King', 'CA', 6),
(507, 'Evelyn Moore', 'TX', 7),
(508, 'Grace Lee', 'NY', 8),
(509, 'Henry Clark', 'FL', 9),
(510, 'Ivy Walker', 'IL', 10),
(511, 'Jack Hill', 'CA', 11),
(512, 'Karen Scott', 'TX', 12),
(513, 'Louis Adams', 'NY', 13),
(514, 'Mia Campbell', 'FL', 14),
(515, 'Noah Parker', 'IL', 15),
(516, 'Olivia Mitchell', 'CA', 16),
(517, 'Patrick Lewis', 'TX', 17),
(518, 'Quinn Young', 'NY', 18),
(519, 'Rachel Allen', 'FL', 19),
(520, 'Samuel Harris', 'IL', 20),
(521, 'Tara Robinson', 'CA', 21),
(522, 'Umar Martinez', 'TX', 22),
(523, 'Vera Martin', 'NY', 23),
(524, 'Wade Collins', 'FL', 24),
(525, 'Xena Hall', 'IL', 25),
(526, 'Yara King', 'CA', 26),
(527, 'Zane Hill', 'TX', 27),
(528, 'Anna King', 'NY', 28),
(529, 'Ben Lee', 'FL', 29),
(530, 'Chloe White', 'IL', 30),
(531, 'Dan Wilson', 'CA', 31),
(532, 'Ella Brown', 'TX', 32),
(533, 'Frank Green', 'NY', 33),
(534, 'Gina Walker', 'FL', 34),
(535, 'Harry Young', 'IL', 35),
(536, 'Isla Harris', 'CA', 36),
(537, 'Jack Davis', 'TX', 37),
(538, 'Kate Johnson', 'NY', 38),
(539, 'Leo Thompson', 'FL', 39),
(540, 'Mia Martinez', 'IL', 40),
(541, 'Nina Robinson', 'CA', 41),
(542, 'Owen Lewis', 'TX', 42),
(543, 'Piper Clark', 'NY', 43),
(544, 'Quincy Hill', 'FL', 44),
(545, 'Ruby Scott', 'IL', 45),
(546, 'Sam King', 'CA', 46),
(547, 'Tina Lee', 'TX', 47),
(548, 'Uma Adams', 'NY', 48),
(549, 'Vera Johnson', 'FL', 49),
(550, 'Will Collins', 'IL', 50),
(551, 'Yara Brown', 'CA', 51),
(552, 'Zachary Martinez', 'TX', 52),
(553, 'Ava Johnson', 'NY', 53),
(554, 'Blake Harris', 'FL', 54),
(555, 'Carter Lee', 'IL', 55),
(556, 'Daisy Walker', 'CA', 56),
(557, 'Ethan Green', 'TX', 57),
(558, 'Fiona Davis', 'NY', 58),
(559, 'George Thompson', 'FL', 59),
(560, 'Hannah Martinez', 'IL', 60),
(561, 'Ian Parker', 'CA', 61),
(562, 'Jasmine Lewis', 'TX', 62),
(563, 'Kai Allen', 'NY', 63),
(564, 'Lily King', 'FL', 64),
(565, 'Mason Robinson', 'IL', 65),
(566, 'Nina Harris', 'CA', 66),
(567, 'Owen Hill', 'TX', 67),
(568, 'Piper Adams', 'NY', 68),
(569, 'Quinn White', 'FL', 69),
(570, 'Ruby Martinez', 'IL', 70),
(571, 'Sam Brown', 'CA', 71),
(572, 'Tina Parker', 'TX', 72),
(573, 'Uma Wilson', 'NY', 73),
(574, 'Victor Lewis', 'FL', 74),
(575, 'Wendy Allen', 'IL', 75),
(576, 'Xavier King', 'CA', 76),
(577, 'Yolanda Harris', 'TX', 77),
(578, 'Zara Wilson', 'NY', 78),
(579, 'Andrew Brown', 'FL', 79),
(580, 'Betty Walker', 'IL', 80),
(581, 'Charlie Davis', 'CA', 81),
(582, 'Diana Thompson', 'TX', 82),
(583, 'Eli Martinez', 'NY', 83),
(584, 'Fiona Parker', 'FL', 84),
(585, 'George Lewis', 'IL', 85),
(586, 'Holly Allen', 'CA', 86),
(587, 'Isaac Johnson', 'TX', 87),
(588, 'Jenna Brown', 'NY', 88),
(589, 'Kevin Walker', 'FL', 89),
(590, 'Laura Davis', 'IL', 90),
(591, 'Mason Thompson', 'CA', 91),
(592, 'Nora Martinez', 'TX', 92),
(593, 'Owen Parker', 'NY', 93),
(594, 'Piper White', 'FL', 94),
(595, 'Quinn Brown', 'IL', 95),
(596, 'Ruby Harris', 'CA', 96),
(597, 'Sam Martinez', 'TX', 97),
(598, 'Tina Johnson', 'NY', 98),
(599, 'Uma White', 'FL', 99),
(600, 'Vera Brown', 'IL', 100);

-- --------------------------------------------------------

--
-- Table structure for table `dim_customerproduct`
--

CREATE TABLE `dim_customerproduct` (
  `product_id` int(11) DEFAULT NULL,
  `product_name` varchar(100) DEFAULT NULL,
  `category` varchar(50) DEFAULT NULL,
  `brand` varchar(50) DEFAULT NULL,
  `cost` double DEFAULT NULL,
  `customer_id` int(11) DEFAULT NULL,
  `customer_name` varchar(100) DEFAULT NULL,
  `state_code` varchar(2) DEFAULT NULL,
  `FK_custumerproduct` int(11) NOT NULL
) ENGINE=InnoDB DEFAULT CHARSET=utf8mb4 COLLATE=utf8mb4_general_ci;

--
-- Dumping data for table `dim_customerproduct`
--

INSERT INTO `dim_customerproduct` (`product_id`, `product_name`, `category`, `brand`, `cost`, `customer_id`, `customer_name`, `state_code`, `FK_custumerproduct`) VALUES
(2001, 'Smartphone', 'Electronics', 'BrandA', 200, 501, 'John Doe', 'CA', 1),
(2002, 'Laptop', 'Electronics', 'BrandB', 800, 502, 'Jane Smith', 'NY', 2),
(2003, 'Headphones', 'Accessories', 'BrandC', 50, 503, 'Alice Brown', 'TX', 3),
(2004, 'Smartwatch', 'Wearables', 'BrandD', 150, 504, 'Bob White', 'FL', 4),
(2005, 'Tablet', 'Electronics', 'BrandE', 300, 505, 'Chris Green', 'IL', 5),
(2006, 'Camera', 'Electronics', 'BrandF', 400, 506, 'David King', 'CA', 6),
(2007, 'Keyboard', 'Accessories', 'BrandG', 40, 507, 'Evelyn Moore', 'TX', 7),
(2008, 'Mouse', 'Accessories', 'BrandH', 25, 508, 'Grace Lee', 'NY', 8),
(2009, 'Speaker', 'Electronics', 'BrandI', 150, 509, 'Henry Clark', 'FL', 9),
(2010, 'Monitor', 'Electronics', 'BrandJ', 300, 510, 'Ivy Walker', 'IL', 10),
(2011, 'Router', 'Electronics', 'BrandK', 80, 511, 'Jack Hill', 'CA', 11),
(2012, 'External Hard Drive', 'Electronics', 'BrandL', 100, 512, 'Karen Scott', 'TX', 12),
(2013, 'Printer', 'Electronics', 'BrandM', 120, 513, 'Louis Adams', 'NY', 13),
(2014, 'Scanner', 'Electronics', 'BrandN', 140, 514, 'Mia Campbell', 'FL', 14),
(2015, 'Projector', 'Electronics', 'BrandO', 300, 515, 'Noah Parker', 'IL', 15),
(2016, 'Smart TV', 'Electronics', 'BrandP', 500, 516, 'Olivia Mitchell', 'CA', 16),
(2017, 'Gaming Console', 'Electronics', 'BrandQ', 400, 517, 'Patrick Lewis', 'TX', 17),
(2018, 'VR Headset', 'Electronics', 'BrandR', 350, 518, 'Quinn Young', 'NY', 18),
(2019, 'Fitness Tracker', 'Wearables', 'BrandS', 100, 519, 'Rachel Allen', 'FL', 19),
(2020, 'Home Assistant', 'Electronics', 'BrandT', 150, 520, 'Samuel Harris', 'IL', 20),
(2021, 'Smart Lights', 'Electronics', 'BrandU', 80, 521, 'Tara Robinson', 'CA', 21),
(2022, 'Smart Thermostat', 'Electronics', 'BrandV', 200, 522, 'Umar Martinez', 'TX', 22),
(2023, 'Security Camera', 'Electronics', 'BrandW', 120, 523, 'Vera Martin', 'NY', 23),
(2024, 'Smart Lock', 'Electronics', 'BrandX', 100, 524, 'Wade Collins', 'FL', 24),
(2025, 'Air Purifier', 'Home Appliances', 'BrandY', 200, 525, 'Xena Hall', 'IL', 25),
(2026, 'Robot Vacuum', 'Home Appliances', 'BrandZ', 300, 526, 'Yara King', 'CA', 26),
(2027, 'Smart Plug', 'Electronics', 'BrandA', 30, 527, 'Zane Hill', 'TX', 27),
(2028, 'Electric Kettle', 'Home Appliances', 'BrandB', 50, 528, 'Anna King', 'NY', 28),
(2029, 'Blender', 'Home Appliances', 'BrandC', 60, 529, 'Ben Lee', 'FL', 29),
(2030, 'Coffee Maker', 'Home Appliances', 'BrandD', 90, 530, 'Chloe White', 'IL', 30),
(2031, 'Toaster', 'Home Appliances', 'BrandE', 40, 531, 'Dan Wilson', 'CA', 31),
(2032, 'Juicer', 'Home Appliances', 'BrandF', 70, 532, 'Ella Brown', 'TX', 32),
(2033, 'Air Fryer', 'Home Appliances', 'BrandG', 120, 533, 'Frank Green', 'NY', 33),
(2034, 'Electric Grill', 'Home Appliances', 'BrandH', 150, 534, 'Gina Walker', 'FL', 34),
(2035, 'Ice Cream Maker', 'Home Appliances', 'BrandI', 80, 535, 'Harry Young', 'IL', 35),
(2036, 'Slow Cooker', 'Home Appliances', 'BrandJ', 70, 536, 'Isla Harris', 'CA', 36),
(2037, 'Rice Cooker', 'Home Appliances', 'BrandK', 60, 537, 'Jack Davis', 'TX', 37),
(2038, 'Pressure Cooker', 'Home Appliances', 'BrandL', 100, 538, 'Kate Johnson', 'NY', 38),
(2039, 'Microwave Oven', 'Home Appliances', 'BrandM', 150, 539, 'Leo Thompson', 'FL', 39),
(2040, 'Dishwasher', 'Home Appliances', 'BrandN', 500, 540, 'Mia Martinez', 'IL', 40),
(2041, 'Refrigerator', 'Home Appliances', 'BrandO', 800, 541, 'Nina Robinson', 'CA', 41),
(2042, 'Washing Machine', 'Home Appliances', 'BrandP', 700, 542, 'Owen Lewis', 'TX', 42),
(2043, 'Dryer', 'Home Appliances', 'BrandQ', 600, 543, 'Piper Clark', 'NY', 43),
(2044, 'Vacuum Cleaner', 'Home Appliances', 'BrandR', 300, 544, 'Quincy Hill', 'FL', 44),
(2045, 'Oven', 'Home Appliances', 'BrandS', 400, 545, 'Ruby Scott', 'IL', 45),
(2046, 'Stove', 'Home Appliances', 'BrandT', 500, 546, 'Sam King', 'CA', 46),
(2047, 'Water Purifier', 'Home Appliances', 'BrandU', 200, 547, 'Tina Lee', 'TX', 47),
(2048, 'Dehumidifier', 'Home Appliances', 'BrandV', 150, 548, 'Uma Adams', 'NY', 48),
(2049, 'Humidifier', 'Home Appliances', 'BrandW', 100, 549, 'Vera Johnson', 'FL', 49),
(2050, 'Fan', 'Home Appliances', 'BrandX', 50, 550, 'Will Collins', 'IL', 50),
(2051, 'Heater', 'Home Appliances', 'BrandY', 70, 551, 'Yara Brown', 'CA', 51),
(2052, 'Air Conditioner', 'Home Appliances', 'BrandZ', 450, 552, 'Zachary Martinez', 'TX', 52),
(2053, 'Smart Speaker', 'Electronics', 'BrandA', 100, 553, 'Ava Johnson', 'NY', 53),
(2054, 'Electric Toothbrush', 'Health & Wellness', 'BrandB', 30, 554, 'Blake Harris', 'FL', 54),
(2055, 'Hair Dryer', 'Health & Wellness', 'BrandC', 40, 555, 'Carter Lee', 'IL', 55),
(2056, 'Shaver', 'Health & Wellness', 'BrandD', 60, 556, 'Daisy Walker', 'CA', 56),
(2057, 'Electric Blanket', 'Home Appliances', 'BrandE', 80, 557, 'Ethan Green', 'TX', 57),
(2058, 'Treadmill', 'Health & Wellness', 'BrandF', 600, 558, 'Fiona Davis', 'NY', 58),
(2059, 'Elliptical', 'Health & Wellness', 'BrandG', 700, 559, 'George Thompson', 'FL', 59),
(2060, 'Exercise Bike', 'Health & Wellness', 'BrandH', 400, 560, 'Hannah Martinez', 'IL', 60),
(2061, 'Yoga Mat', 'Health & Wellness', 'BrandI', 20, 561, 'Ian Parker', 'CA', 61),
(2062, 'Resistance Bands', 'Health & Wellness', 'BrandJ', 15, 562, 'Jasmine Lewis', 'TX', 62),
(2063, 'Dumbbells', 'Health & Wellness', 'BrandK', 50, 563, 'Kai Allen', 'NY', 63),
(2064, 'Foam Roller', 'Health & Wellness', 'BrandL', 25, 564, 'Lily King', 'FL', 64),
(2065, 'Kettlebell', 'Health & Wellness', 'BrandM', 60, 565, 'Mason Robinson', 'IL', 65),
(2066, 'Pull-Up Bar', 'Health & Wellness', 'BrandN', 30, 566, 'Nina Harris', 'CA', 66),
(2067, 'Jump Rope', 'Health & Wellness', 'BrandO', 10, 567, 'Owen Hill', 'TX', 67),
(2068, 'Running Shoes', 'Health & Wellness', 'BrandP', 80, 568, 'Piper Adams', 'NY', 68),
(2069, 'Sports Watch', 'Wearables', 'BrandQ', 150, 569, 'Quinn White', 'FL', 69),
(2070, 'Fitness Tracker', 'Wearables', 'BrandR', 100, 570, 'Ruby Martinez', 'IL', 70),
(2071, 'Smartwatch', 'Wearables', 'BrandS', 200, 571, 'Sam Brown', 'CA', 71),
(2072, 'Smart Band', 'Wearables', 'BrandT', 90, 572, 'Tina Parker', 'TX', 72),
(2073, 'Earbuds', 'Accessories', 'BrandU', 30, 573, 'Uma Wilson', 'NY', 73),
(2074, 'Charger', 'Accessories', 'BrandV', 20, 574, 'Victor Lewis', 'FL', 74),
(2075, 'Power Bank', 'Accessories', 'BrandW', 30, 575, 'Wendy Allen', 'IL', 75),
(2076, 'USB Cable', 'Accessories', 'BrandX', 10, 576, 'Xavier King', 'CA', 76),
(2077, 'HDMI Cable', 'Accessories', 'BrandY', 15, 577, 'Yolanda Harris', 'TX', 77),
(2078, 'Wireless Mouse', 'Accessories', 'BrandZ', 25, 578, 'Zara Wilson', 'NY', 78),
(2079, 'Wireless Keyboard', 'Accessories', 'BrandA', 30, 579, 'Andrew Brown', 'FL', 79),
(2080, 'Smart Bulb', 'Electronics', 'BrandB', 20, 580, 'Betty Walker', 'IL', 80),
(2081, 'Smart Switch', 'Electronics', 'BrandC', 25, 581, 'Charlie Davis', 'CA', 81),
(2082, 'Smart Outlet', 'Electronics', 'BrandD', 30, 582, 'Diana Thompson', 'TX', 82),
(2083, 'Smart Plug', 'Electronics', 'BrandE', 15, 583, 'Eli Martinez', 'NY', 83),
(2084, 'WiFi Extender', 'Electronics', 'BrandF', 40, 584, 'Fiona Parker', 'FL', 84),
(2085, 'Bluetooth Speaker', 'Electronics', 'BrandG', 50, 585, 'George Lewis', 'IL', 85),
(2086, 'Wireless Charger', 'Accessories', 'BrandH', 30, 586, 'Holly Allen', 'CA', 86),
(2087, 'Smart Hub', 'Electronics', 'BrandI', 80, 587, 'Isaac Johnson', 'TX', 87),
(2088, 'Smart Doorbell', 'Electronics', 'BrandJ', 60, 588, 'Jenna Brown', 'NY', 88),
(2089, 'Smart Thermostat', 'Electronics', 'BrandK', 150, 589, 'Kevin Walker', 'FL', 89),
(2090, 'Smart Smoke Detector', 'Electronics', 'BrandL', 40, 590, 'Laura Davis', 'IL', 90),
(2091, 'Smart Security System', 'Electronics', 'BrandM', 200, 591, 'Mason Thompson', 'CA', 91),
(2092, 'Smart Baby Monitor', 'Electronics', 'BrandN', 70, 592, 'Nora Martinez', 'TX', 92),
(2093, 'Smart Garage Door Opener', 'Electronics', 'BrandO', 100, 593, 'Owen Parker', 'NY', 93),
(2094, 'Laptop Stand', 'Accessories', 'BrandP', 20, 594, 'Piper White', 'FL', 94),
(2095, 'Hard Drive Enclosure', 'Accessories', 'BrandQ', 25, 595, 'Quinn Brown', 'IL', 95),
(2096, 'USB Hub', 'Accessories', 'BrandR', 10, 596, 'Ruby Harris', 'CA', 96),
(2097, 'Portable Speaker', 'Accessories', 'BrandS', 30, 597, 'Sam Martinez', 'TX', 97),
(2098, 'Gimbal', 'Accessories', 'BrandT', 60, 598, 'Tina Johnson', 'NY', 98),
(2099, 'Camera Lens', 'Accessories', 'BrandU', 100, 599, 'Uma White', 'FL', 99),
(2100, 'LED Light', 'Accessories', 'BrandV', 50, 600, 'Vera Brown', 'IL', 100);

-- --------------------------------------------------------

--
-- Table structure for table `dim_product`
--

CREATE TABLE `dim_product` (
  `product_id` int(11) DEFAULT NULL,
  `product_name` varchar(100) DEFAULT NULL,
  `category` varchar(50) DEFAULT NULL,
  `brand` varchar(50) DEFAULT NULL,
  `cost` double DEFAULT NULL,
  `FK_produk` int(11) NOT NULL
) ENGINE=InnoDB DEFAULT CHARSET=utf8mb4 COLLATE=utf8mb4_general_ci;

--
-- Dumping data for table `dim_product`
--

INSERT INTO `dim_product` (`product_id`, `product_name`, `category`, `brand`, `cost`, `FK_produk`) VALUES
(2001, 'Smartphone', 'Electronics', 'BrandA', 200, 1),
(2002, 'Laptop', 'Electronics', 'BrandB', 800, 2),
(2003, 'Headphones', 'Accessories', 'BrandC', 50, 3),
(2004, 'Smartwatch', 'Wearables', 'BrandD', 150, 4),
(2005, 'Tablet', 'Electronics', 'BrandE', 300, 5),
(2006, 'Camera', 'Electronics', 'BrandF', 400, 6),
(2007, 'Keyboard', 'Accessories', 'BrandG', 40, 7),
(2008, 'Mouse', 'Accessories', 'BrandH', 25, 8),
(2009, 'Speaker', 'Electronics', 'BrandI', 150, 9),
(2010, 'Monitor', 'Electronics', 'BrandJ', 300, 10),
(2011, 'Router', 'Electronics', 'BrandK', 80, 11),
(2012, 'External Hard Drive', 'Electronics', 'BrandL', 100, 12),
(2013, 'Printer', 'Electronics', 'BrandM', 120, 13),
(2014, 'Scanner', 'Electronics', 'BrandN', 140, 14),
(2015, 'Projector', 'Electronics', 'BrandO', 300, 15),
(2016, 'Smart TV', 'Electronics', 'BrandP', 500, 16),
(2017, 'Gaming Console', 'Electronics', 'BrandQ', 400, 17),
(2018, 'VR Headset', 'Electronics', 'BrandR', 350, 18),
(2019, 'Fitness Tracker', 'Wearables', 'BrandS', 100, 19),
(2020, 'Home Assistant', 'Electronics', 'BrandT', 150, 20),
(2021, 'Smart Lights', 'Electronics', 'BrandU', 80, 21),
(2022, 'Smart Thermostat', 'Electronics', 'BrandV', 200, 22),
(2023, 'Security Camera', 'Electronics', 'BrandW', 120, 23),
(2024, 'Smart Lock', 'Electronics', 'BrandX', 100, 24),
(2025, 'Air Purifier', 'Home Appliances', 'BrandY', 200, 25),
(2026, 'Robot Vacuum', 'Home Appliances', 'BrandZ', 300, 26),
(2027, 'Smart Plug', 'Electronics', 'BrandA', 30, 27),
(2028, 'Electric Kettle', 'Home Appliances', 'BrandB', 50, 28),
(2029, 'Blender', 'Home Appliances', 'BrandC', 60, 29),
(2030, 'Coffee Maker', 'Home Appliances', 'BrandD', 90, 30),
(2031, 'Toaster', 'Home Appliances', 'BrandE', 40, 31),
(2032, 'Juicer', 'Home Appliances', 'BrandF', 70, 32),
(2033, 'Air Fryer', 'Home Appliances', 'BrandG', 120, 33),
(2034, 'Electric Grill', 'Home Appliances', 'BrandH', 150, 34),
(2035, 'Ice Cream Maker', 'Home Appliances', 'BrandI', 80, 35),
(2036, 'Slow Cooker', 'Home Appliances', 'BrandJ', 70, 36),
(2037, 'Rice Cooker', 'Home Appliances', 'BrandK', 60, 37),
(2038, 'Pressure Cooker', 'Home Appliances', 'BrandL', 100, 38),
(2039, 'Microwave Oven', 'Home Appliances', 'BrandM', 150, 39),
(2040, 'Dishwasher', 'Home Appliances', 'BrandN', 500, 40),
(2041, 'Refrigerator', 'Home Appliances', 'BrandO', 800, 41),
(2042, 'Washing Machine', 'Home Appliances', 'BrandP', 700, 42),
(2043, 'Dryer', 'Home Appliances', 'BrandQ', 600, 43),
(2044, 'Vacuum Cleaner', 'Home Appliances', 'BrandR', 300, 44),
(2045, 'Oven', 'Home Appliances', 'BrandS', 400, 45),
(2046, 'Stove', 'Home Appliances', 'BrandT', 500, 46),
(2047, 'Water Purifier', 'Home Appliances', 'BrandU', 200, 47),
(2048, 'Dehumidifier', 'Home Appliances', 'BrandV', 150, 48),
(2049, 'Humidifier', 'Home Appliances', 'BrandW', 100, 49),
(2050, 'Fan', 'Home Appliances', 'BrandX', 50, 50),
(2051, 'Heater', 'Home Appliances', 'BrandY', 70, 51),
(2052, 'Air Conditioner', 'Home Appliances', 'BrandZ', 450, 52),
(2053, 'Smart Speaker', 'Electronics', 'BrandA', 100, 53),
(2054, 'Electric Toothbrush', 'Health & Wellness', 'BrandB', 30, 54),
(2055, 'Hair Dryer', 'Health & Wellness', 'BrandC', 40, 55),
(2056, 'Shaver', 'Health & Wellness', 'BrandD', 60, 56),
(2057, 'Electric Blanket', 'Home Appliances', 'BrandE', 80, 57),
(2058, 'Treadmill', 'Health & Wellness', 'BrandF', 600, 58),
(2059, 'Elliptical', 'Health & Wellness', 'BrandG', 700, 59),
(2060, 'Exercise Bike', 'Health & Wellness', 'BrandH', 400, 60),
(2061, 'Yoga Mat', 'Health & Wellness', 'BrandI', 20, 61),
(2062, 'Resistance Bands', 'Health & Wellness', 'BrandJ', 15, 62),
(2063, 'Dumbbells', 'Health & Wellness', 'BrandK', 50, 63),
(2064, 'Foam Roller', 'Health & Wellness', 'BrandL', 25, 64),
(2065, 'Kettlebell', 'Health & Wellness', 'BrandM', 60, 65),
(2066, 'Pull-Up Bar', 'Health & Wellness', 'BrandN', 30, 66),
(2067, 'Jump Rope', 'Health & Wellness', 'BrandO', 10, 67),
(2068, 'Running Shoes', 'Health & Wellness', 'BrandP', 80, 68),
(2069, 'Sports Watch', 'Wearables', 'BrandQ', 150, 69),
(2070, 'Fitness Tracker', 'Wearables', 'BrandR', 100, 70),
(2071, 'Smartwatch', 'Wearables', 'BrandS', 200, 71),
(2072, 'Smart Band', 'Wearables', 'BrandT', 90, 72),
(2073, 'Earbuds', 'Accessories', 'BrandU', 30, 73),
(2074, 'Charger', 'Accessories', 'BrandV', 20, 74),
(2075, 'Power Bank', 'Accessories', 'BrandW', 30, 75),
(2076, 'USB Cable', 'Accessories', 'BrandX', 10, 76),
(2077, 'HDMI Cable', 'Accessories', 'BrandY', 15, 77),
(2078, 'Wireless Mouse', 'Accessories', 'BrandZ', 25, 78),
(2079, 'Wireless Keyboard', 'Accessories', 'BrandA', 30, 79),
(2080, 'Smart Bulb', 'Electronics', 'BrandB', 20, 80),
(2081, 'Smart Switch', 'Electronics', 'BrandC', 25, 81),
(2082, 'Smart Outlet', 'Electronics', 'BrandD', 30, 82),
(2083, 'Smart Plug', 'Electronics', 'BrandE', 15, 83),
(2084, 'WiFi Extender', 'Electronics', 'BrandF', 40, 84),
(2085, 'Bluetooth Speaker', 'Electronics', 'BrandG', 50, 85),
(2086, 'Wireless Charger', 'Accessories', 'BrandH', 30, 86),
(2087, 'Smart Hub', 'Electronics', 'BrandI', 80, 87),
(2088, 'Smart Doorbell', 'Electronics', 'BrandJ', 60, 88),
(2089, 'Smart Thermostat', 'Electronics', 'BrandK', 150, 89),
(2090, 'Smart Smoke Detector', 'Electronics', 'BrandL', 40, 90),
(2091, 'Smart Security System', 'Electronics', 'BrandM', 200, 91),
(2092, 'Smart Baby Monitor', 'Electronics', 'BrandN', 70, 92),
(2093, 'Smart Garage Door Opener', 'Electronics', 'BrandO', 100, 93),
(2094, 'Laptop Stand', 'Accessories', 'BrandP', 20, 94),
(2095, 'Hard Drive Enclosure', 'Accessories', 'BrandQ', 25, 95),
(2096, 'USB Hub', 'Accessories', 'BrandR', 10, 96),
(2097, 'Portable Speaker', 'Accessories', 'BrandS', 30, 97),
(2098, 'Gimbal', 'Accessories', 'BrandT', 60, 98),
(2099, 'Camera Lens', 'Accessories', 'BrandU', 100, 99),
(2100, 'LED Light', 'Accessories', 'BrandV', 50, 100);

-- --------------------------------------------------------

--
-- Table structure for table `dim_transactionorder`
--

CREATE TABLE `dim_transactionorder` (
  `order_id` int(11) DEFAULT NULL,
  `delivery_date` datetime DEFAULT NULL,
  `status` varchar(20) DEFAULT NULL,
  `discount` double DEFAULT NULL,
  `promotion_date` datetime DEFAULT NULL,
  `total_cost` double DEFAULT NULL,
  `total_sales` double DEFAULT NULL,
  `quantity` int(11) DEFAULT NULL,
  `sales_id` int(11) DEFAULT NULL,
  `FK_TrasactionOrder` int(11) DEFAULT NULL
) ENGINE=InnoDB DEFAULT CHARSET=utf8mb4 COLLATE=utf8mb4_general_ci;

--
-- Dumping data for table `dim_transactionorder`
--

INSERT INTO `dim_transactionorder` (`order_id`, `delivery_date`, `status`, `discount`, `promotion_date`, `total_cost`, `total_sales`, `quantity`, `sales_id`, `FK_TrasactionOrder`) VALUES
(1001, '2024-01-15 00:00:00', 'Delivered', 10, '2024-01-01 00:00:00', 200, 250, 1, 301, 1),
(1002, '2024-01-10 00:00:00', 'Delivered', 50, '2024-01-05 00:00:00', 800, 950, 1, 302, 2),
(1003, '2024-01-12 00:00:00', 'Delivered', 5, '2024-01-08 00:00:00', 100, 140, 2, 303, 3),
(1004, '2024-01-18 00:00:00', 'Delivered', 20, '2024-01-10 00:00:00', 150, 180, 1, 304, 4),
(1005, '2024-01-20 00:00:00', 'Pending', 30, '2024-01-15 00:00:00', 300, 350, 1, 305, 5),
(1006, '2024-01-22 00:00:00', 'Delivered', 15, '2024-01-11 00:00:00', 400, 480, 1, 306, 6),
(1007, '2024-01-17 00:00:00', 'Delivered', 7, '2024-01-12 00:00:00', 120, 165, 3, 307, 7),
(1008, '2024-01-16 00:00:00', 'Delivered', 5, '2024-01-13 00:00:00', 50, 70, 2, 308, 8),
(1009, '2024-01-21 00:00:00', 'Pending', 20, '2024-01-14 00:00:00', 150, 180, 1, 309, 9),
(1010, '2024-01-19 00:00:00', 'Delivered', 30, '2024-01-15 00:00:00', 600, 700, 2, 310, 10),
(1011, '2024-01-18 00:00:00', 'Delivered', 10, '2024-01-10 00:00:00', 80, 100, 1, 311, 11),
(1012, '2024-01-20 00:00:00', 'Delivered', 15, '2024-01-11 00:00:00', 200, 240, 2, 312, 12),
(1013, '2024-01-16 00:00:00', 'Delivered', 12, '2024-01-13 00:00:00', 120, 140, 1, 313, 13),
(1014, '2024-01-23 00:00:00', 'Pending', 15, '2024-01-14 00:00:00', 140, 160, 1, 314, 14),
(1015, '2024-01-22 00:00:00', 'Delivered', 25, '2024-01-12 00:00:00', 300, 350, 1, 315, 15),
(1016, '2024-01-20 00:00:00', 'Delivered', 50, '2024-01-15 00:00:00', 500, 600, 1, 316, 16),
(1017, '2024-01-25 00:00:00', 'Pending', 30, '2024-01-14 00:00:00', 400, 480, 1, 317, 17),
(1018, '2024-01-21 00:00:00', 'Delivered', 25, '2024-01-16 00:00:00', 350, 420, 1, 318, 18),
(1019, '2024-01-19 00:00:00', 'Delivered', 10, '2024-01-10 00:00:00', 100, 120, 1, 319, 19),
(1020, '2024-01-17 00:00:00', 'Delivered', 20, '2024-01-12 00:00:00', 300, 360, 2, 320, 20),
(1021, '2024-01-25 00:00:00', 'Pending', 15, '2024-01-14 00:00:00', 240, 300, 3, 321, 21),
(1022, '2024-01-23 00:00:00', 'Delivered', 20, '2024-01-15 00:00:00', 200, 240, 1, 322, 22),
(1023, '2024-01-19 00:00:00', 'Delivered', 15, '2024-01-12 00:00:00', 240, 300, 2, 323, 23),
(1024, '2024-01-18 00:00:00', 'Delivered', 10, '2024-01-10 00:00:00', 100, 120, 1, 324, 24),
(1025, '2024-01-21 00:00:00', 'Pending', 20, '2024-01-14 00:00:00', 400, 480, 2, 325, 25),
(1026, '2024-01-24 00:00:00', 'Delivered', 30, '2024-01-15 00:00:00', 300, 350, 1, 326, 26),
(1027, '2024-01-20 00:00:00', 'Delivered', 5, '2024-01-11 00:00:00', 120, 160, 4, 327, 27),
(1028, '2024-01-22 00:00:00', 'Pending', 7, '2024-01-14 00:00:00', 50, 60, 1, 328, 28),
(1029, '2024-01-23 00:00:00', 'Delivered', 8, '2024-01-12 00:00:00', 60, 75, 1, 329, 29),
(1030, '2024-01-19 00:00:00', 'Delivered', 10, '2024-01-10 00:00:00', 180, 220, 2, 330, 30),
(1031, '2024-01-25 00:00:00', 'Pending', 5, '2024-01-11 00:00:00', 40, 50, 1, 331, 31),
(1032, '2024-01-21 00:00:00', 'Delivered', 7, '2024-01-14 00:00:00', 140, 170, 2, 332, 32),
(1033, '2024-01-18 00:00:00', 'Delivered', 12, '2024-01-13 00:00:00', 120, 140, 1, 333, 33),
(1034, '2024-01-24 00:00:00', 'Delivered', 15, '2024-01-12 00:00:00', 150, 180, 1, 334, 34),
(1035, '2024-01-23 00:00:00', 'Pending', 10, '2024-01-14 00:00:00', 80, 100, 1, 335, 35),
(1036, '2024-01-20 00:00:00', 'Delivered', 7, '2024-01-15 00:00:00', 140, 170, 2, 336, 36),
(1037, '2024-01-19 00:00:00', 'Delivered', 5, '2024-01-13 00:00:00', 60, 75, 1, 337, 37),
(1038, '2024-01-26 00:00:00', 'Pending', 10, '2024-01-14 00:00:00', 100, 120, 1, 338, 38),
(1039, '2024-01-18 00:00:00', 'Delivered', 15, '2024-01-12 00:00:00', 150, 180, 1, 339, 39),
(1040, '2024-01-24 00:00:00', 'Delivered', 50, '2024-01-15 00:00:00', 500, 600, 1, 340, 40),
(1041, '2024-01-26 00:00:00', 'Pending', 50, '2024-01-14 00:00:00', 800, 950, 1, 341, 41),
(1042, '2024-01-23 00:00:00', 'Delivered', 40, '2024-01-12 00:00:00', 700, 850, 1, 342, 42),
(1043, '2024-01-19 00:00:00', 'Delivered', 35, '2024-01-10 00:00:00', 600, 720, 1, 343, 43),
(1044, '2024-01-25 00:00:00', 'Pending', 20, '2024-01-12 00:00:00', 300, 350, 1, 344, 44),
(1045, '2024-01-20 00:00:00', 'Delivered', 25, '2024-01-11 00:00:00', 400, 480, 1, 345, 45),
(1046, '2024-01-19 00:00:00', 'Delivered', 30, '2024-01-15 00:00:00', 500, 600, 1, 346, 46),
(1047, '2024-01-24 00:00:00', 'Pending', 15, '2024-01-14 00:00:00', 200, 240, 1, 347, 47),
(1048, '2024-01-21 00:00:00', 'Delivered', 10, '2024-01-11 00:00:00', 150, 180, 1, 348, 48),
(1049, '2024-01-20 00:00:00', 'Delivered', 8, '2024-01-13 00:00:00', 100, 120, 1, 349, 49),
(1050, '2024-01-19 00:00:00', 'Delivered', 5, '2024-01-10 00:00:00', 50, 60, 1, 350, 50),
(1051, '2024-01-23 00:00:00', 'Delivered', 7, '2024-01-11 00:00:00', 70, 85, 1, 351, 51),
(1052, '2024-01-26 00:00:00', 'Pending', 25, '2024-01-14 00:00:00', 450, 540, 1, 352, 52),
(1053, '2024-01-24 00:00:00', 'Delivered', 10, '2024-01-12 00:00:00', 200, 240, 2, 353, 53),
(1054, '2024-01-19 00:00:00', 'Delivered', 5, '2024-01-13 00:00:00', 60, 80, 2, 354, 54),
(1055, '2024-01-21 00:00:00', 'Pending', 5, '2024-01-14 00:00:00', 40, 50, 1, 355, 55),
(1056, '2024-01-22 00:00:00', 'Delivered', 7, '2024-01-15 00:00:00', 60, 75, 1, 356, 56),
(1057, '2024-01-25 00:00:00', 'Delivered', 10, '2024-01-12 00:00:00', 160, 200, 2, 357, 57),
(1058, '2024-01-20 00:00:00', 'Delivered', 40, '2024-01-16 00:00:00', 600, 720, 1, 358, 58),
(1059, '2024-01-24 00:00:00', 'Pending', 35, '2024-01-14 00:00:00', 700, 850, 1, 359, 59),
(1060, '2024-01-19 00:00:00', 'Delivered', 20, '2024-01-11 00:00:00', 400, 480, 1, 360, 60),
(1061, '2024-01-17 00:00:00', 'Delivered', 5, '2024-01-12 00:00:00', 60, 75, 3, 361, 61),
(1062, '2024-01-23 00:00:00', 'Delivered', 2, '2024-01-13 00:00:00', 30, 40, 2, 362, 62),
(1063, '2024-01-21 00:00:00', 'Pending', 5, '2024-01-14 00:00:00', 100, 120, 2, 363, 63),
(1064, '2024-01-20 00:00:00', 'Delivered', 3, '2024-01-12 00:00:00', 25, 30, 1, 364, 64),
(1065, '2024-01-18 00:00:00', 'Delivered', 7, '2024-01-13 00:00:00', 60, 75, 1, 365, 65),
(1066, '2024-01-22 00:00:00', 'Pending', 5, '2024-01-14 00:00:00', 30, 40, 1, 366, 66),
(1067, '2024-01-19 00:00:00', 'Delivered', 1, '2024-01-11 00:00:00', 20, 30, 2, 367, 67),
(1068, '2024-01-20 00:00:00', 'Delivered', 10, '2024-01-12 00:00:00', 80, 100, 1, 368, 68),
(1069, '2024-01-23 00:00:00', 'Pending', 20, '2024-01-14 00:00:00', 150, 180, 1, 369, 69),
(1070, '2024-01-19 00:00:00', 'Delivered', 10, '2024-01-15 00:00:00', 100, 120, 1, 370, 70),
(1071, '2024-01-21 00:00:00', 'Delivered', 25, '2024-01-12 00:00:00', 400, 480, 2, 371, 71),
(1072, '2024-01-23 00:00:00', 'Pending', 10, '2024-01-14 00:00:00', 90, 110, 1, 372, 72),
(1073, '2024-01-20 00:00:00', 'Delivered', 5, '2024-01-13 00:00:00', 60, 80, 2, 373, 73),
(1074, '2024-01-17 00:00:00', 'Delivered', 5, '2024-01-11 00:00:00', 60, 75, 3, 374, 74),
(1075, '2024-01-20 00:00:00', 'Pending', 5, '2024-01-12 00:00:00', 60, 80, 2, 375, 75),
(1076, '2024-01-24 00:00:00', 'Delivered', 2, '2024-01-14 00:00:00', 50, 60, 5, 376, 76),
(1077, '2024-01-19 00:00:00', 'Delivered', 3, '2024-01-13 00:00:00', 45, 60, 3, 377, 77),
(1078, '2024-01-23 00:00:00', 'Pending', 5, '2024-01-14 00:00:00', 50, 70, 2, 378, 78),
(1079, '2024-01-22 00:00:00', 'Delivered', 5, '2024-01-12 00:00:00', 60, 80, 2, 379, 79),
(1080, '2024-01-21 00:00:00', 'Delivered', 5, '2024-01-13 00:00:00', 60, 75, 3, 380, 80),
(1081, '2024-01-25 00:00:00', 'Pending', 5, '2024-01-14 00:00:00', 50, 60, 2, 381, 81),
(1082, '2024-01-20 00:00:00', 'Delivered', 5, '2024-01-12 00:00:00', 60, 80, 2, 382, 82),
(1083, '2024-01-17 00:00:00', 'Delivered', 3, '2024-01-13 00:00:00', 45, 60, 3, 383, 83),
(1084, '2024-01-23 00:00:00', 'Pending', 5, '2024-01-14 00:00:00', 40, 50, 1, 384, 84),
(1085, '2024-01-22 00:00:00', 'Delivered', 5, '2024-01-11 00:00:00', 100, 120, 2, 385, 85),
(1086, '2024-01-18 00:00:00', 'Delivered', 5, '2024-01-13 00:00:00', 60, 80, 2, 386, 86),
(1087, '2024-01-25 00:00:00', 'Pending', 10, '2024-01-12 00:00:00', 80, 100, 1, 387, 87),
(1088, '2024-01-20 00:00:00', 'Delivered', 7, '2024-01-15 00:00:00', 60, 75, 1, 388, 88),
(1089, '2024-01-21 00:00:00', 'Delivered', 10, '2024-01-14 00:00:00', 150, 180, 1, 389, 89),
(1090, '2024-01-23 00:00:00', 'Pending', 5, '2024-01-12 00:00:00', 40, 50, 1, 390, 90),
(1091, '2024-01-24 00:00:00', 'Delivered', 20, '2024-01-13 00:00:00', 200, 240, 1, 391, 91),
(1092, '2024-01-22 00:00:00', 'Delivered', 7, '2024-01-11 00:00:00', 70, 85, 1, 392, 92),
(1093, '2024-01-19 00:00:00', 'Pending', 10, '2024-01-12 00:00:00', 100, 120, 1, 393, 93),
(1094, '2024-01-19 00:00:00', 'Delivered', 2, '2024-01-11 00:00:00', 20, 25, 1, 394, 94),
(1095, '2024-01-20 00:00:00', 'Delivered', 3, '2024-01-12 00:00:00', 25, 30, 1, 395, 95),
(1096, '2024-01-22 00:00:00', 'Delivered', 1, '2024-01-13 00:00:00', 10, 15, 1, 396, 96),
(1097, '2024-01-24 00:00:00', 'Pending', 3, '2024-01-14 00:00:00', 30, 40, 1, 397, 97),
(1098, '2024-01-23 00:00:00', 'Delivered', 5, '2024-01-13 00:00:00', 60, 75, 1, 398, 98),
(1099, '2024-01-21 00:00:00', 'Delivered', 8, '2024-01-15 00:00:00', 100, 120, 1, 399, 99),
(1100, '2024-01-25 00:00:00', 'Pending', 4, '2024-01-14 00:00:00', 50, 60, 1, 400, 100);

-- --------------------------------------------------------

--
-- Table structure for table `dim_transaction_process`
--

CREATE TABLE `dim_transaction_process` (
  `order_id` int(11) DEFAULT NULL,
  `discount` double DEFAULT NULL,
  `promotion_date` datetime DEFAULT NULL,
  `total_cost` double DEFAULT NULL,
  `total_sales` double DEFAULT NULL,
  `quantity` int(11) DEFAULT NULL,
  `sales_id` int(11) DEFAULT NULL,
  `FK_prosestransaksi` int(11) NOT NULL,
  `date_time` datetime DEFAULT NULL
) ENGINE=InnoDB DEFAULT CHARSET=utf8mb4 COLLATE=utf8mb4_general_ci;

--
-- Dumping data for table `dim_transaction_process`
--

INSERT INTO `dim_transaction_process` (`order_id`, `discount`, `promotion_date`, `total_cost`, `total_sales`, `quantity`, `sales_id`, `FK_prosestransaksi`, `date_time`) VALUES
(1001, 10, '2024-01-01 00:00:00', 200, 250, 1, 301, 1, '2024-01-14 02:42:57'),
(1002, 50, '2024-01-05 00:00:00', 800, 950, 1, 302, 2, '2024-01-10 23:47:26'),
(1003, 5, '2024-01-08 00:00:00', 100, 140, 2, 303, 3, '2024-01-10 02:42:31'),
(1004, 20, '2024-01-10 00:00:00', 150, 180, 1, 304, 4, '2024-01-10 23:58:36'),
(1005, 30, '2024-01-15 00:00:00', 300, 350, 1, 305, 5, '2024-01-12 07:51:35'),
(1006, 15, '2024-01-11 00:00:00', 400, 480, 1, 306, 6, '2024-01-14 20:54:57'),
(1007, 7, '2024-01-12 00:00:00', 120, 165, 3, 307, 7, '2024-01-13 01:24:44'),
(1008, 5, '2024-01-13 00:00:00', 50, 70, 2, 308, 8, '2024-01-13 06:49:17'),
(1009, 20, '2024-01-14 00:00:00', 150, 180, 1, 309, 9, '2024-01-10 04:57:43'),
(1010, 30, '2024-01-15 00:00:00', 600, 700, 2, 310, 10, '2024-01-11 18:22:47'),
(1011, 10, '2024-01-10 00:00:00', 80, 100, 1, 311, 11, '2024-01-12 21:26:45'),
(1012, 15, '2024-01-11 00:00:00', 200, 240, 2, 312, 12, '2024-01-10 01:03:01'),
(1013, 12, '2024-01-13 00:00:00', 120, 140, 1, 313, 13, '2024-01-11 03:07:14'),
(1014, 15, '2024-01-14 00:00:00', 140, 160, 1, 314, 14, '2024-01-14 09:37:22'),
(1015, 25, '2024-01-12 00:00:00', 300, 350, 1, 315, 15, '2024-01-10 19:05:46'),
(1016, 50, '2024-01-15 00:00:00', 500, 600, 1, 316, 16, '2024-01-14 10:04:28'),
(1017, 30, '2024-01-14 00:00:00', 400, 480, 1, 317, 17, '2024-01-10 12:50:10'),
(1018, 25, '2024-01-16 00:00:00', 350, 420, 1, 318, 18, '2024-01-11 13:53:01'),
(1019, 10, '2024-01-10 00:00:00', 100, 120, 1, 319, 19, '2024-01-12 00:23:34'),
(1020, 20, '2024-01-12 00:00:00', 300, 360, 2, 320, 20, '2024-01-13 19:44:08'),
(1021, 15, '2024-01-14 00:00:00', 240, 300, 3, 321, 21, '2024-01-11 15:32:46'),
(1022, 20, '2024-01-15 00:00:00', 200, 240, 1, 322, 22, '2024-01-13 08:39:45'),
(1023, 15, '2024-01-12 00:00:00', 240, 300, 2, 323, 23, '2024-01-12 14:45:46'),
(1024, 10, '2024-01-10 00:00:00', 100, 120, 1, 324, 24, '2024-01-13 15:40:22'),
(1025, 20, '2024-01-14 00:00:00', 400, 480, 2, 325, 25, '2024-01-14 17:17:42'),
(1026, 30, '2024-01-15 00:00:00', 300, 350, 1, 326, 26, '2024-01-14 09:15:30'),
(1027, 5, '2024-01-11 00:00:00', 120, 160, 4, 327, 27, '2024-01-12 03:51:34'),
(1028, 7, '2024-01-14 00:00:00', 50, 60, 1, 328, 28, '2024-01-14 12:07:21'),
(1029, 8, '2024-01-12 00:00:00', 60, 75, 1, 329, 29, '2024-01-11 05:12:39'),
(1030, 10, '2024-01-10 00:00:00', 180, 220, 2, 330, 30, '2024-01-14 05:14:40'),
(1031, 5, '2024-01-11 00:00:00', 40, 50, 1, 331, 31, '2024-01-10 23:22:58'),
(1032, 7, '2024-01-14 00:00:00', 140, 170, 2, 332, 32, '2024-01-11 19:01:35'),
(1033, 12, '2024-01-13 00:00:00', 120, 140, 1, 333, 33, '2024-01-12 03:11:11'),
(1034, 15, '2024-01-12 00:00:00', 150, 180, 1, 334, 34, '2024-01-13 18:41:21'),
(1035, 10, '2024-01-14 00:00:00', 80, 100, 1, 335, 35, '2024-01-10 19:19:09'),
(1036, 7, '2024-01-15 00:00:00', 140, 170, 2, 336, 36, '2024-01-12 14:06:42'),
(1037, 5, '2024-01-13 00:00:00', 60, 75, 1, 337, 37, '2024-01-13 18:39:50'),
(1038, 10, '2024-01-14 00:00:00', 100, 120, 1, 338, 38, '2024-01-14 15:35:42'),
(1039, 15, '2024-01-12 00:00:00', 150, 180, 1, 339, 39, '2024-01-12 01:24:07'),
(1040, 50, '2024-01-15 00:00:00', 500, 600, 1, 340, 40, '2024-01-10 10:10:25'),
(1041, 50, '2024-01-14 00:00:00', 800, 950, 1, 341, 41, '2024-01-14 21:39:37'),
(1042, 40, '2024-01-12 00:00:00', 700, 850, 1, 342, 42, '2024-01-13 12:28:27'),
(1043, 35, '2024-01-10 00:00:00', 600, 720, 1, 343, 43, '2024-01-13 19:42:32'),
(1044, 20, '2024-01-12 00:00:00', 300, 350, 1, 344, 44, '2024-01-14 23:05:30'),
(1045, 25, '2024-01-11 00:00:00', 400, 480, 1, 345, 45, '2024-01-11 00:09:58'),
(1046, 30, '2024-01-15 00:00:00', 500, 600, 1, 346, 46, '2024-01-12 02:08:32'),
(1047, 15, '2024-01-14 00:00:00', 200, 240, 1, 347, 47, '2024-01-14 23:10:36'),
(1048, 10, '2024-01-11 00:00:00', 150, 180, 1, 348, 48, '2024-01-14 17:09:45'),
(1049, 8, '2024-01-13 00:00:00', 100, 120, 1, 349, 49, '2024-01-10 00:47:15'),
(1050, 5, '2024-01-10 00:00:00', 50, 60, 1, 350, 50, '2024-01-13 12:45:18'),
(1051, 7, '2024-01-11 00:00:00', 70, 85, 1, 351, 51, '2024-01-10 13:26:04'),
(1052, 25, '2024-01-14 00:00:00', 450, 540, 1, 352, 52, '2024-01-12 11:08:33'),
(1053, 10, '2024-01-12 00:00:00', 200, 240, 2, 353, 53, '2024-01-13 09:59:55'),
(1054, 5, '2024-01-13 00:00:00', 60, 80, 2, 354, 54, '2024-01-14 23:47:02'),
(1055, 5, '2024-01-14 00:00:00', 40, 50, 1, 355, 55, '2024-01-12 15:43:32'),
(1056, 7, '2024-01-15 00:00:00', 60, 75, 1, 356, 56, '2024-01-14 14:56:36'),
(1057, 10, '2024-01-12 00:00:00', 160, 200, 2, 357, 57, '2024-01-12 15:36:39'),
(1058, 40, '2024-01-16 00:00:00', 600, 720, 1, 358, 58, '2024-01-11 16:03:43'),
(1059, 35, '2024-01-14 00:00:00', 700, 850, 1, 359, 59, '2024-01-13 06:47:46'),
(1060, 20, '2024-01-11 00:00:00', 400, 480, 1, 360, 60, '2024-01-12 13:13:56'),
(1061, 5, '2024-01-12 00:00:00', 60, 75, 3, 361, 61, '2024-01-14 02:03:31'),
(1062, 2, '2024-01-13 00:00:00', 30, 40, 2, 362, 62, '2024-01-11 18:12:17'),
(1063, 5, '2024-01-14 00:00:00', 100, 120, 2, 363, 63, '2024-01-10 03:30:35'),
(1064, 3, '2024-01-12 00:00:00', 25, 30, 1, 364, 64, '2024-01-10 18:14:23'),
(1065, 7, '2024-01-13 00:00:00', 60, 75, 1, 365, 65, '2024-01-13 16:50:32'),
(1066, 5, '2024-01-14 00:00:00', 30, 40, 1, 366, 66, '2024-01-12 20:38:51'),
(1067, 1, '2024-01-11 00:00:00', 20, 30, 2, 367, 67, '2024-01-12 01:33:10'),
(1068, 10, '2024-01-12 00:00:00', 80, 100, 1, 368, 68, '2024-01-13 23:52:58'),
(1069, 20, '2024-01-14 00:00:00', 150, 180, 1, 369, 69, '2024-01-13 22:57:48'),
(1070, 10, '2024-01-15 00:00:00', 100, 120, 1, 370, 70, '2024-01-14 13:12:52'),
(1071, 25, '2024-01-12 00:00:00', 400, 480, 2, 371, 71, '2024-01-11 16:57:49'),
(1072, 10, '2024-01-14 00:00:00', 90, 110, 1, 372, 72, '2024-01-12 10:52:17'),
(1073, 5, '2024-01-13 00:00:00', 60, 80, 2, 373, 73, '2024-01-11 15:25:38'),
(1074, 5, '2024-01-11 00:00:00', 60, 75, 3, 374, 74, '2024-01-13 10:34:07'),
(1075, 5, '2024-01-12 00:00:00', 60, 80, 2, 375, 75, '2024-01-12 12:20:55'),
(1076, 2, '2024-01-14 00:00:00', 50, 60, 5, 376, 76, '2024-01-11 17:45:49'),
(1077, 3, '2024-01-13 00:00:00', 45, 60, 3, 377, 77, '2024-01-13 20:52:49'),
(1078, 5, '2024-01-14 00:00:00', 50, 70, 2, 378, 78, '2024-01-11 10:04:12'),
(1079, 5, '2024-01-12 00:00:00', 60, 80, 2, 379, 79, '2024-01-10 00:29:34'),
(1080, 5, '2024-01-13 00:00:00', 60, 75, 3, 380, 80, '2024-01-11 17:59:31'),
(1081, 5, '2024-01-14 00:00:00', 50, 60, 2, 381, 81, '2024-01-13 22:11:41'),
(1082, 5, '2024-01-12 00:00:00', 60, 80, 2, 382, 82, '2024-01-14 18:29:43'),
(1083, 3, '2024-01-13 00:00:00', 45, 60, 3, 383, 83, '2024-01-14 22:42:52'),
(1084, 5, '2024-01-14 00:00:00', 40, 50, 1, 384, 84, '2024-01-11 07:41:31'),
(1085, 5, '2024-01-11 00:00:00', 100, 120, 2, 385, 85, '2024-01-14 18:18:02'),
(1086, 5, '2024-01-13 00:00:00', 60, 80, 2, 386, 86, '2024-01-11 11:45:35'),
(1087, 10, '2024-01-12 00:00:00', 80, 100, 1, 387, 87, '2024-01-11 13:39:36'),
(1088, 7, '2024-01-15 00:00:00', 60, 75, 1, 388, 88, '2024-01-13 09:42:47'),
(1089, 10, '2024-01-14 00:00:00', 150, 180, 1, 389, 89, '2024-01-10 07:48:40'),
(1090, 5, '2024-01-12 00:00:00', 40, 50, 1, 390, 90, '2024-01-11 11:12:24'),
(1091, 20, '2024-01-13 00:00:00', 200, 240, 1, 391, 91, '2024-01-14 20:21:57'),
(1092, 7, '2024-01-11 00:00:00', 70, 85, 1, 392, 92, '2024-01-13 11:29:59'),
(1093, 10, '2024-01-12 00:00:00', 100, 120, 1, 393, 93, '2024-01-13 16:58:42'),
(1094, 2, '2024-01-11 00:00:00', 20, 25, 1, 394, 94, '2024-01-14 03:12:26'),
(1095, 3, '2024-01-12 00:00:00', 25, 30, 1, 395, 95, '2024-01-13 17:16:34'),
(1096, 1, '2024-01-13 00:00:00', 10, 15, 1, 396, 96, '2024-01-12 02:35:06'),
(1097, 3, '2024-01-14 00:00:00', 30, 40, 1, 397, 97, '2024-01-11 10:15:27'),
(1098, 5, '2024-01-13 00:00:00', 60, 75, 1, 398, 98, '2024-01-10 19:44:59'),
(1099, 8, '2024-01-15 00:00:00', 100, 120, 1, 399, 99, '2024-01-10 18:31:05'),
(1100, 4, '2024-01-14 00:00:00', 50, 60, 1, 400, 100, '2024-01-10 21:14:33');

-- --------------------------------------------------------

--
-- Table structure for table `fact_table`
--

CREATE TABLE `fact_table` (
  `total_sales` double DEFAULT NULL,
  `FK_customer` int(11) DEFAULT NULL,
  `FK_produk` int(11) DEFAULT NULL,
  `FK_prosestransaksi` int(11) DEFAULT NULL,
  `FK_custumerproduct` int(11) DEFAULT NULL,
  `FK_TrasactionOrder` int(11) DEFAULT NULL,
  `sales_id` int(11) DEFAULT NULL,
  `cost` double DEFAULT NULL,
  `total_cost` double DEFAULT NULL,
  `date_time` datetime DEFAULT NULL
) ENGINE=InnoDB DEFAULT CHARSET=utf8mb4 COLLATE=utf8mb4_general_ci;

--
-- Dumping data for table `fact_table`
--

INSERT INTO `fact_table` (`total_sales`, `FK_customer`, `FK_produk`, `FK_prosestransaksi`, `FK_custumerproduct`, `FK_TrasactionOrder`, `sales_id`, `cost`, `total_cost`, `date_time`) VALUES
(250, 1, 1, 1, 1, 1, 301, 200, 200, '2024-01-14 02:42:57'),
(950, 2, 2, 2, 2, 2, 302, 800, 800, '2024-01-10 23:47:26'),
(140, 3, 3, 3, 3, 3, 303, 50, 100, '2024-01-10 02:42:31'),
(180, 4, 4, 4, 4, 4, 304, 150, 150, '2024-01-10 23:58:36'),
(350, 5, 5, 5, 5, 5, 305, 300, 300, '2024-01-12 07:51:35'),
(480, 6, 6, 6, 6, 6, 306, 400, 400, '2024-01-14 20:54:57'),
(165, 7, 7, 7, 7, 7, 307, 40, 120, '2024-01-13 01:24:44'),
(70, 8, 8, 8, 8, 8, 308, 25, 50, '2024-01-13 06:49:17'),
(180, 9, 9, 9, 9, 9, 309, 150, 150, '2024-01-10 04:57:43'),
(700, 10, 10, 10, 10, 10, 310, 300, 600, '2024-01-11 18:22:47'),
(100, 11, 11, 11, 11, 11, 311, 80, 80, '2024-01-12 21:26:45'),
(240, 12, 12, 12, 12, 12, 312, 100, 200, '2024-01-10 01:03:01'),
(140, 13, 13, 13, 13, 13, 313, 120, 120, '2024-01-11 03:07:14'),
(160, 14, 14, 14, 14, 14, 314, 140, 140, '2024-01-14 09:37:22'),
(350, 15, 15, 15, 15, 15, 315, 300, 300, '2024-01-10 19:05:46'),
(600, 16, 16, 16, 16, 16, 316, 500, 500, '2024-01-14 10:04:28'),
(480, 17, 17, 17, 17, 17, 317, 400, 400, '2024-01-10 12:50:10'),
(420, 18, 18, 18, 18, 18, 318, 350, 350, '2024-01-11 13:53:01'),
(120, 19, 19, 19, 19, 19, 319, 100, 100, '2024-01-12 00:23:34'),
(360, 20, 20, 20, 20, 20, 320, 150, 300, '2024-01-13 19:44:08'),
(300, 21, 21, 21, 21, 21, 321, 80, 240, '2024-01-11 15:32:46'),
(240, 22, 22, 22, 22, 22, 322, 200, 200, '2024-01-13 08:39:45'),
(300, 23, 23, 23, 23, 23, 323, 120, 240, '2024-01-12 14:45:46'),
(120, 24, 24, 24, 24, 24, 324, 100, 100, '2024-01-13 15:40:22'),
(480, 25, 25, 25, 25, 25, 325, 200, 400, '2024-01-14 17:17:42'),
(350, 26, 26, 26, 26, 26, 326, 300, 300, '2024-01-14 09:15:30'),
(160, 27, 27, 27, 27, 27, 327, 30, 120, '2024-01-12 03:51:34'),
(60, 28, 28, 28, 28, 28, 328, 50, 50, '2024-01-14 12:07:21'),
(75, 29, 29, 29, 29, 29, 329, 60, 60, '2024-01-11 05:12:39'),
(220, 30, 30, 30, 30, 30, 330, 90, 180, '2024-01-14 05:14:40'),
(50, 31, 31, 31, 31, 31, 331, 40, 40, '2024-01-10 23:22:58'),
(170, 32, 32, 32, 32, 32, 332, 70, 140, '2024-01-11 19:01:35'),
(140, 33, 33, 33, 33, 33, 333, 120, 120, '2024-01-12 03:11:11'),
(180, 34, 34, 34, 34, 34, 334, 150, 150, '2024-01-13 18:41:21'),
(100, 35, 35, 35, 35, 35, 335, 80, 80, '2024-01-10 19:19:09'),
(170, 36, 36, 36, 36, 36, 336, 70, 140, '2024-01-12 14:06:42'),
(75, 37, 37, 37, 37, 37, 337, 60, 60, '2024-01-13 18:39:50'),
(120, 38, 38, 38, 38, 38, 338, 100, 100, '2024-01-14 15:35:42'),
(180, 39, 39, 39, 39, 39, 339, 150, 150, '2024-01-12 01:24:07'),
(600, 40, 40, 40, 40, 40, 340, 500, 500, '2024-01-10 10:10:25'),
(950, 41, 41, 41, 41, 41, 341, 800, 800, '2024-01-14 21:39:37'),
(850, 42, 42, 42, 42, 42, 342, 700, 700, '2024-01-13 12:28:27'),
(720, 43, 43, 43, 43, 43, 343, 600, 600, '2024-01-13 19:42:32'),
(350, 44, 44, 44, 44, 44, 344, 300, 300, '2024-01-14 23:05:30'),
(480, 45, 45, 45, 45, 45, 345, 400, 400, '2024-01-11 00:09:58'),
(600, 46, 46, 46, 46, 46, 346, 500, 500, '2024-01-12 02:08:32'),
(240, 47, 47, 47, 47, 47, 347, 200, 200, '2024-01-14 23:10:36'),
(180, 48, 48, 48, 48, 48, 348, 150, 150, '2024-01-14 17:09:45'),
(120, 49, 49, 49, 49, 49, 349, 100, 100, '2024-01-10 00:47:15'),
(60, 50, 50, 50, 50, 50, 350, 50, 50, '2024-01-13 12:45:18'),
(85, 51, 51, 51, 51, 51, 351, 70, 70, '2024-01-10 13:26:04'),
(540, 52, 52, 52, 52, 52, 352, 450, 450, '2024-01-12 11:08:33'),
(240, 53, 53, 53, 53, 53, 353, 100, 200, '2024-01-13 09:59:55'),
(80, 54, 54, 54, 54, 54, 354, 30, 60, '2024-01-14 23:47:02'),
(50, 55, 55, 55, 55, 55, 355, 40, 40, '2024-01-12 15:43:32'),
(75, 56, 56, 56, 56, 56, 356, 60, 60, '2024-01-14 14:56:36'),
(200, 57, 57, 57, 57, 57, 357, 80, 160, '2024-01-12 15:36:39'),
(720, 58, 58, 58, 58, 58, 358, 600, 600, '2024-01-11 16:03:43'),
(850, 59, 59, 59, 59, 59, 359, 700, 700, '2024-01-13 06:47:46'),
(480, 60, 60, 60, 60, 60, 360, 400, 400, '2024-01-12 13:13:56'),
(75, 61, 61, 61, 61, 61, 361, 20, 60, '2024-01-14 02:03:31'),
(40, 62, 62, 62, 62, 62, 362, 15, 30, '2024-01-11 18:12:17'),
(120, 63, 63, 63, 63, 63, 363, 50, 100, '2024-01-10 03:30:35'),
(30, 64, 64, 64, 64, 64, 364, 25, 25, '2024-01-10 18:14:23'),
(75, 65, 65, 65, 65, 65, 365, 60, 60, '2024-01-13 16:50:32'),
(40, 66, 66, 66, 66, 66, 366, 30, 30, '2024-01-12 20:38:51'),
(30, 67, 67, 67, 67, 67, 367, 10, 20, '2024-01-12 01:33:10'),
(100, 68, 68, 68, 68, 68, 368, 80, 80, '2024-01-13 23:52:58'),
(180, 69, 69, 69, 69, 69, 369, 150, 150, '2024-01-13 22:57:48'),
(120, 70, 70, 70, 70, 70, 370, 100, 100, '2024-01-14 13:12:52'),
(480, 71, 71, 71, 71, 71, 371, 200, 400, '2024-01-11 16:57:49'),
(110, 72, 72, 72, 72, 72, 372, 90, 90, '2024-01-12 10:52:17'),
(80, 73, 73, 73, 73, 73, 373, 30, 60, '2024-01-11 15:25:38'),
(75, 74, 74, 74, 74, 74, 374, 20, 60, '2024-01-13 10:34:07'),
(80, 75, 75, 75, 75, 75, 375, 30, 60, '2024-01-12 12:20:55'),
(60, 76, 76, 76, 76, 76, 376, 10, 50, '2024-01-11 17:45:49'),
(60, 77, 77, 77, 77, 77, 377, 15, 45, '2024-01-13 20:52:49'),
(70, 78, 78, 78, 78, 78, 378, 25, 50, '2024-01-11 10:04:12'),
(80, 79, 79, 79, 79, 79, 379, 30, 60, '2024-01-10 00:29:34'),
(75, 80, 80, 80, 80, 80, 380, 20, 60, '2024-01-11 17:59:31'),
(60, 81, 81, 81, 81, 81, 381, 25, 50, '2024-01-13 22:11:41'),
(80, 82, 82, 82, 82, 82, 382, 30, 60, '2024-01-14 18:29:43'),
(60, 83, 83, 83, 83, 83, 383, 15, 45, '2024-01-14 22:42:52'),
(50, 84, 84, 84, 84, 84, 384, 40, 40, '2024-01-11 07:41:31'),
(120, 85, 85, 85, 85, 85, 385, 50, 100, '2024-01-14 18:18:02'),
(80, 86, 86, 86, 86, 86, 386, 30, 60, '2024-01-11 11:45:35'),
(100, 87, 87, 87, 87, 87, 387, 80, 80, '2024-01-11 13:39:36'),
(75, 88, 88, 88, 88, 88, 388, 60, 60, '2024-01-13 09:42:47'),
(180, 89, 89, 89, 89, 89, 389, 150, 150, '2024-01-10 07:48:40'),
(50, 90, 90, 90, 90, 90, 390, 40, 40, '2024-01-11 11:12:24'),
(240, 91, 91, 91, 91, 91, 391, 200, 200, '2024-01-14 20:21:57'),
(85, 92, 92, 92, 92, 92, 392, 70, 70, '2024-01-13 11:29:59'),
(120, 93, 93, 93, 93, 93, 393, 100, 100, '2024-01-13 16:58:42'),
(25, 94, 94, 94, 94, 94, 394, 20, 20, '2024-01-14 03:12:26'),
(30, 95, 95, 95, 95, 95, 395, 25, 25, '2024-01-13 17:16:34'),
(15, 96, 96, 96, 96, 96, 396, 10, 10, '2024-01-12 02:35:06'),
(40, 97, 97, 97, 97, 97, 397, 30, 30, '2024-01-11 10:15:27'),
(75, 98, 98, 98, 98, 98, 398, 60, 60, '2024-01-10 19:44:59'),
(120, 99, 99, 99, 99, 99, 399, 100, 100, '2024-01-10 18:31:05'),
(60, 100, 100, 100, 100, 100, 400, 50, 50, '2024-01-10 21:14:33');

-- --------------------------------------------------------

--
-- Table structure for table `ms_customer`
--

CREATE TABLE `ms_customer` (
  `customer_id` int(11) DEFAULT NULL,
  `customer_name` varchar(100) DEFAULT NULL,
  `state_code` varchar(2) DEFAULT NULL
) ENGINE=InnoDB DEFAULT CHARSET=utf8mb4 COLLATE=utf8mb4_general_ci;

--
-- Dumping data for table `ms_customer`
--

INSERT INTO `ms_customer` (`customer_id`, `customer_name`, `state_code`) VALUES
(501, 'John Doe', 'CA'),
(502, 'Jane Smith', 'NY'),
(503, 'Alice Brown', 'TX'),
(504, 'Bob White', 'FL'),
(505, 'Chris Green', 'IL'),
(506, 'David King', 'CA'),
(507, 'Evelyn Moore', 'TX'),
(508, 'Grace Lee', 'NY'),
(509, 'Henry Clark', 'FL'),
(510, 'Ivy Walker', 'IL'),
(511, 'Jack Hill', 'CA'),
(512, 'Karen Scott', 'TX'),
(513, 'Louis Adams', 'NY'),
(514, 'Mia Campbell', 'FL'),
(515, 'Noah Parker', 'IL'),
(516, 'Olivia Mitchell', 'CA'),
(517, 'Patrick Lewis', 'TX'),
(518, 'Quinn Young', 'NY'),
(519, 'Rachel Allen', 'FL'),
(520, 'Samuel Harris', 'IL'),
(521, 'Tara Robinson', 'CA'),
(522, 'Umar Martinez', 'TX'),
(523, 'Vera Martin', 'NY'),
(524, 'Wade Collins', 'FL'),
(525, 'Xena Hall', 'IL'),
(526, 'Yara King', 'CA'),
(527, 'Zane Hill', 'TX'),
(528, 'Anna King', 'NY'),
(529, 'Ben Lee', 'FL'),
(530, 'Chloe White', 'IL'),
(531, 'Dan Wilson', 'CA'),
(532, 'Ella Brown', 'TX'),
(533, 'Frank Green', 'NY'),
(534, 'Gina Walker', 'FL'),
(535, 'Harry Young', 'IL'),
(536, 'Isla Harris', 'CA'),
(537, 'Jack Davis', 'TX'),
(538, 'Kate Johnson', 'NY'),
(539, 'Leo Thompson', 'FL'),
(540, 'Mia Martinez', 'IL'),
(541, 'Nina Robinson', 'CA'),
(542, 'Owen Lewis', 'TX'),
(543, 'Piper Clark', 'NY'),
(544, 'Quincy Hill', 'FL'),
(545, 'Ruby Scott', 'IL'),
(546, 'Sam King', 'CA'),
(547, 'Tina Lee', 'TX'),
(548, 'Uma Adams', 'NY'),
(549, 'Vera Johnson', 'FL'),
(550, 'Will Collins', 'IL'),
(551, 'Yara Brown', 'CA'),
(552, 'Zachary Martinez', 'TX'),
(553, 'Ava Johnson', 'NY'),
(554, 'Blake Harris', 'FL'),
(555, 'Carter Lee', 'IL'),
(556, 'Daisy Walker', 'CA'),
(557, 'Ethan Green', 'TX'),
(558, 'Fiona Davis', 'NY'),
(559, 'George Thompson', 'FL'),
(560, 'Hannah Martinez', 'IL'),
(561, 'Ian Parker', 'CA'),
(562, 'Jasmine Lewis', 'TX'),
(563, 'Kai Allen', 'NY'),
(564, 'Lily King', 'FL'),
(565, 'Mason Robinson', 'IL'),
(566, 'Nina Harris', 'CA'),
(567, 'Owen Hill', 'TX'),
(568, 'Piper Adams', 'NY'),
(569, 'Quinn White', 'FL'),
(570, 'Ruby Martinez', 'IL'),
(571, 'Sam Brown', 'CA'),
(572, 'Tina Parker', 'TX'),
(573, 'Uma Wilson', 'NY'),
(574, 'Victor Lewis', 'FL'),
(575, 'Wendy Allen', 'IL'),
(576, 'Xavier King', 'CA'),
(577, 'Yolanda Harris', 'TX'),
(578, 'Zara Wilson', 'NY'),
(579, 'Andrew Brown', 'FL'),
(580, 'Betty Walker', 'IL'),
(581, 'Charlie Davis', 'CA'),
(582, 'Diana Thompson', 'TX'),
(583, 'Eli Martinez', 'NY'),
(584, 'Fiona Parker', 'FL'),
(585, 'George Lewis', 'IL'),
(586, 'Holly Allen', 'CA'),
(587, 'Isaac Johnson', 'TX'),
(588, 'Jenna Brown', 'NY'),
(589, 'Kevin Walker', 'FL'),
(590, 'Laura Davis', 'IL'),
(591, 'Mason Thompson', 'CA'),
(592, 'Nora Martinez', 'TX'),
(593, 'Owen Parker', 'NY'),
(594, 'Piper White', 'FL'),
(595, 'Quinn Brown', 'IL'),
(596, 'Ruby Harris', 'CA'),
(597, 'Sam Martinez', 'TX'),
(598, 'Tina Johnson', 'NY'),
(599, 'Uma White', 'FL'),
(600, 'Vera Brown', 'IL');

-- --------------------------------------------------------

--
-- Table structure for table `ms_order`
--

CREATE TABLE `ms_order` (
  `order_id` int(11) DEFAULT NULL,
  `delivery_date` datetime DEFAULT NULL,
  `status` varchar(20) DEFAULT NULL
) ENGINE=InnoDB DEFAULT CHARSET=utf8mb4 COLLATE=utf8mb4_general_ci;

--
-- Dumping data for table `ms_order`
--

INSERT INTO `ms_order` (`order_id`, `delivery_date`, `status`) VALUES
(1001, '2024-01-15 00:00:00', 'Delivered'),
(1002, '2024-01-10 00:00:00', 'Delivered'),
(1003, '2024-01-12 00:00:00', 'Delivered'),
(1004, '2024-01-18 00:00:00', 'Delivered'),
(1005, '2024-01-20 00:00:00', 'Pending'),
(1006, '2024-01-22 00:00:00', 'Delivered'),
(1007, '2024-01-17 00:00:00', 'Delivered'),
(1008, '2024-01-16 00:00:00', 'Delivered'),
(1009, '2024-01-21 00:00:00', 'Pending'),
(1010, '2024-01-19 00:00:00', 'Delivered'),
(1011, '2024-01-18 00:00:00', 'Delivered'),
(1012, '2024-01-20 00:00:00', 'Delivered'),
(1013, '2024-01-16 00:00:00', 'Delivered'),
(1014, '2024-01-23 00:00:00', 'Pending'),
(1015, '2024-01-22 00:00:00', 'Delivered'),
(1016, '2024-01-20 00:00:00', 'Delivered'),
(1017, '2024-01-25 00:00:00', 'Pending'),
(1018, '2024-01-21 00:00:00', 'Delivered'),
(1019, '2024-01-19 00:00:00', 'Delivered'),
(1020, '2024-01-17 00:00:00', 'Delivered'),
(1021, '2024-01-25 00:00:00', 'Pending'),
(1022, '2024-01-23 00:00:00', 'Delivered'),
(1023, '2024-01-19 00:00:00', 'Delivered'),
(1024, '2024-01-18 00:00:00', 'Delivered'),
(1025, '2024-01-21 00:00:00', 'Pending'),
(1026, '2024-01-24 00:00:00', 'Delivered'),
(1027, '2024-01-20 00:00:00', 'Delivered'),
(1028, '2024-01-22 00:00:00', 'Pending'),
(1029, '2024-01-23 00:00:00', 'Delivered'),
(1030, '2024-01-19 00:00:00', 'Delivered'),
(1031, '2024-01-25 00:00:00', 'Pending'),
(1032, '2024-01-21 00:00:00', 'Delivered'),
(1033, '2024-01-18 00:00:00', 'Delivered'),
(1034, '2024-01-24 00:00:00', 'Delivered'),
(1035, '2024-01-23 00:00:00', 'Pending'),
(1036, '2024-01-20 00:00:00', 'Delivered'),
(1037, '2024-01-19 00:00:00', 'Delivered'),
(1038, '2024-01-26 00:00:00', 'Pending'),
(1039, '2024-01-18 00:00:00', 'Delivered'),
(1040, '2024-01-24 00:00:00', 'Delivered'),
(1041, '2024-01-26 00:00:00', 'Pending'),
(1042, '2024-01-23 00:00:00', 'Delivered'),
(1043, '2024-01-19 00:00:00', 'Delivered'),
(1044, '2024-01-25 00:00:00', 'Pending'),
(1045, '2024-01-20 00:00:00', 'Delivered'),
(1046, '2024-01-19 00:00:00', 'Delivered'),
(1047, '2024-01-24 00:00:00', 'Pending'),
(1048, '2024-01-21 00:00:00', 'Delivered'),
(1049, '2024-01-20 00:00:00', 'Delivered'),
(1050, '2024-01-19 00:00:00', 'Delivered'),
(1051, '2024-01-23 00:00:00', 'Delivered'),
(1052, '2024-01-26 00:00:00', 'Pending'),
(1053, '2024-01-24 00:00:00', 'Delivered'),
(1054, '2024-01-19 00:00:00', 'Delivered'),
(1055, '2024-01-21 00:00:00', 'Pending'),
(1056, '2024-01-22 00:00:00', 'Delivered'),
(1057, '2024-01-25 00:00:00', 'Delivered'),
(1058, '2024-01-20 00:00:00', 'Delivered'),
(1059, '2024-01-24 00:00:00', 'Pending'),
(1060, '2024-01-19 00:00:00', 'Delivered'),
(1061, '2024-01-17 00:00:00', 'Delivered'),
(1062, '2024-01-23 00:00:00', 'Delivered'),
(1063, '2024-01-21 00:00:00', 'Pending'),
(1064, '2024-01-20 00:00:00', 'Delivered'),
(1065, '2024-01-18 00:00:00', 'Delivered'),
(1066, '2024-01-22 00:00:00', 'Pending'),
(1067, '2024-01-19 00:00:00', 'Delivered'),
(1068, '2024-01-20 00:00:00', 'Delivered'),
(1069, '2024-01-23 00:00:00', 'Pending'),
(1070, '2024-01-19 00:00:00', 'Delivered'),
(1071, '2024-01-21 00:00:00', 'Delivered'),
(1072, '2024-01-23 00:00:00', 'Pending'),
(1073, '2024-01-20 00:00:00', 'Delivered'),
(1074, '2024-01-17 00:00:00', 'Delivered'),
(1075, '2024-01-20 00:00:00', 'Pending'),
(1076, '2024-01-24 00:00:00', 'Delivered'),
(1077, '2024-01-19 00:00:00', 'Delivered'),
(1078, '2024-01-23 00:00:00', 'Pending'),
(1079, '2024-01-22 00:00:00', 'Delivered'),
(1080, '2024-01-21 00:00:00', 'Delivered'),
(1081, '2024-01-25 00:00:00', 'Pending'),
(1082, '2024-01-20 00:00:00', 'Delivered'),
(1083, '2024-01-17 00:00:00', 'Delivered'),
(1084, '2024-01-23 00:00:00', 'Pending'),
(1085, '2024-01-22 00:00:00', 'Delivered'),
(1086, '2024-01-18 00:00:00', 'Delivered'),
(1087, '2024-01-25 00:00:00', 'Pending'),
(1088, '2024-01-20 00:00:00', 'Delivered'),
(1089, '2024-01-21 00:00:00', 'Delivered'),
(1090, '2024-01-23 00:00:00', 'Pending'),
(1091, '2024-01-24 00:00:00', 'Delivered'),
(1092, '2024-01-22 00:00:00', 'Delivered'),
(1093, '2024-01-19 00:00:00', 'Pending'),
(1094, '2024-01-19 00:00:00', 'Delivered'),
(1095, '2024-01-20 00:00:00', 'Delivered'),
(1096, '2024-01-22 00:00:00', 'Delivered'),
(1097, '2024-01-24 00:00:00', 'Pending'),
(1098, '2024-01-23 00:00:00', 'Delivered'),
(1099, '2024-01-21 00:00:00', 'Delivered'),
(1100, '2024-01-25 00:00:00', 'Pending');

-- --------------------------------------------------------

--
-- Table structure for table `ms_product`
--

CREATE TABLE `ms_product` (
  `product_id` int(11) DEFAULT NULL,
  `product_name` varchar(100) DEFAULT NULL,
  `category` varchar(50) DEFAULT NULL,
  `brand` varchar(50) DEFAULT NULL,
  `cost` double DEFAULT NULL
) ENGINE=InnoDB DEFAULT CHARSET=utf8mb4 COLLATE=utf8mb4_general_ci;

--
-- Dumping data for table `ms_product`
--

INSERT INTO `ms_product` (`product_id`, `product_name`, `category`, `brand`, `cost`) VALUES
(2001, 'Smartphone', 'Electronics', 'BrandA', 200),
(2002, 'Laptop', 'Electronics', 'BrandB', 800),
(2003, 'Headphones', 'Accessories', 'BrandC', 50),
(2004, 'Smartwatch', 'Wearables', 'BrandD', 150),
(2005, 'Tablet', 'Electronics', 'BrandE', 300),
(2006, 'Camera', 'Electronics', 'BrandF', 400),
(2007, 'Keyboard', 'Accessories', 'BrandG', 40),
(2008, 'Mouse', 'Accessories', 'BrandH', 25),
(2009, 'Speaker', 'Electronics', 'BrandI', 150),
(2010, 'Monitor', 'Electronics', 'BrandJ', 300),
(2011, 'Router', 'Electronics', 'BrandK', 80),
(2012, 'External Hard Drive', 'Electronics', 'BrandL', 100),
(2013, 'Printer', 'Electronics', 'BrandM', 120),
(2014, 'Scanner', 'Electronics', 'BrandN', 140),
(2015, 'Projector', 'Electronics', 'BrandO', 300),
(2016, 'Smart TV', 'Electronics', 'BrandP', 500),
(2017, 'Gaming Console', 'Electronics', 'BrandQ', 400),
(2018, 'VR Headset', 'Electronics', 'BrandR', 350),
(2019, 'Fitness Tracker', 'Wearables', 'BrandS', 100),
(2020, 'Home Assistant', 'Electronics', 'BrandT', 150),
(2021, 'Smart Lights', 'Electronics', 'BrandU', 80),
(2022, 'Smart Thermostat', 'Electronics', 'BrandV', 200),
(2023, 'Security Camera', 'Electronics', 'BrandW', 120),
(2024, 'Smart Lock', 'Electronics', 'BrandX', 100),
(2025, 'Air Purifier', 'Home Appliances', 'BrandY', 200),
(2026, 'Robot Vacuum', 'Home Appliances', 'BrandZ', 300),
(2027, 'Smart Plug', 'Electronics', 'BrandA', 30),
(2028, 'Electric Kettle', 'Home Appliances', 'BrandB', 50),
(2029, 'Blender', 'Home Appliances', 'BrandC', 60),
(2030, 'Coffee Maker', 'Home Appliances', 'BrandD', 90),
(2031, 'Toaster', 'Home Appliances', 'BrandE', 40),
(2032, 'Juicer', 'Home Appliances', 'BrandF', 70),
(2033, 'Air Fryer', 'Home Appliances', 'BrandG', 120),
(2034, 'Electric Grill', 'Home Appliances', 'BrandH', 150),
(2035, 'Ice Cream Maker', 'Home Appliances', 'BrandI', 80),
(2036, 'Slow Cooker', 'Home Appliances', 'BrandJ', 70),
(2037, 'Rice Cooker', 'Home Appliances', 'BrandK', 60),
(2038, 'Pressure Cooker', 'Home Appliances', 'BrandL', 100),
(2039, 'Microwave Oven', 'Home Appliances', 'BrandM', 150),
(2040, 'Dishwasher', 'Home Appliances', 'BrandN', 500),
(2041, 'Refrigerator', 'Home Appliances', 'BrandO', 800),
(2042, 'Washing Machine', 'Home Appliances', 'BrandP', 700),
(2043, 'Dryer', 'Home Appliances', 'BrandQ', 600),
(2044, 'Vacuum Cleaner', 'Home Appliances', 'BrandR', 300),
(2045, 'Oven', 'Home Appliances', 'BrandS', 400),
(2046, 'Stove', 'Home Appliances', 'BrandT', 500),
(2047, 'Water Purifier', 'Home Appliances', 'BrandU', 200),
(2048, 'Dehumidifier', 'Home Appliances', 'BrandV', 150),
(2049, 'Humidifier', 'Home Appliances', 'BrandW', 100),
(2050, 'Fan', 'Home Appliances', 'BrandX', 50),
(2051, 'Heater', 'Home Appliances', 'BrandY', 70),
(2052, 'Air Conditioner', 'Home Appliances', 'BrandZ', 450),
(2053, 'Smart Speaker', 'Electronics', 'BrandA', 100),
(2054, 'Electric Toothbrush', 'Health & Wellness', 'BrandB', 30),
(2055, 'Hair Dryer', 'Health & Wellness', 'BrandC', 40),
(2056, 'Shaver', 'Health & Wellness', 'BrandD', 60),
(2057, 'Electric Blanket', 'Home Appliances', 'BrandE', 80),
(2058, 'Treadmill', 'Health & Wellness', 'BrandF', 600),
(2059, 'Elliptical', 'Health & Wellness', 'BrandG', 700),
(2060, 'Exercise Bike', 'Health & Wellness', 'BrandH', 400),
(2061, 'Yoga Mat', 'Health & Wellness', 'BrandI', 20),
(2062, 'Resistance Bands', 'Health & Wellness', 'BrandJ', 15),
(2063, 'Dumbbells', 'Health & Wellness', 'BrandK', 50),
(2064, 'Foam Roller', 'Health & Wellness', 'BrandL', 25),
(2065, 'Kettlebell', 'Health & Wellness', 'BrandM', 60),
(2066, 'Pull-Up Bar', 'Health & Wellness', 'BrandN', 30),
(2067, 'Jump Rope', 'Health & Wellness', 'BrandO', 10),
(2068, 'Running Shoes', 'Health & Wellness', 'BrandP', 80),
(2069, 'Sports Watch', 'Wearables', 'BrandQ', 150),
(2070, 'Fitness Tracker', 'Wearables', 'BrandR', 100),
(2071, 'Smartwatch', 'Wearables', 'BrandS', 200),
(2072, 'Smart Band', 'Wearables', 'BrandT', 90),
(2073, 'Earbuds', 'Accessories', 'BrandU', 30),
(2074, 'Charger', 'Accessories', 'BrandV', 20),
(2075, 'Power Bank', 'Accessories', 'BrandW', 30),
(2076, 'USB Cable', 'Accessories', 'BrandX', 10),
(2077, 'HDMI Cable', 'Accessories', 'BrandY', 15),
(2078, 'Wireless Mouse', 'Accessories', 'BrandZ', 25),
(2079, 'Wireless Keyboard', 'Accessories', 'BrandA', 30),
(2080, 'Smart Bulb', 'Electronics', 'BrandB', 20),
(2081, 'Smart Switch', 'Electronics', 'BrandC', 25),
(2082, 'Smart Outlet', 'Electronics', 'BrandD', 30),
(2083, 'Smart Plug', 'Electronics', 'BrandE', 15),
(2084, 'WiFi Extender', 'Electronics', 'BrandF', 40),
(2085, 'Bluetooth Speaker', 'Electronics', 'BrandG', 50),
(2086, 'Wireless Charger', 'Accessories', 'BrandH', 30),
(2087, 'Smart Hub', 'Electronics', 'BrandI', 80),
(2088, 'Smart Doorbell', 'Electronics', 'BrandJ', 60),
(2089, 'Smart Thermostat', 'Electronics', 'BrandK', 150),
(2090, 'Smart Smoke Detector', 'Electronics', 'BrandL', 40),
(2091, 'Smart Security System', 'Electronics', 'BrandM', 200),
(2092, 'Smart Baby Monitor', 'Electronics', 'BrandN', 70),
(2093, 'Smart Garage Door Opener', 'Electronics', 'BrandO', 100),
(2094, 'Laptop Stand', 'Accessories', 'BrandP', 20),
(2095, 'Hard Drive Enclosure', 'Accessories', 'BrandQ', 25),
(2096, 'USB Hub', 'Accessories', 'BrandR', 10),
(2097, 'Portable Speaker', 'Accessories', 'BrandS', 30),
(2098, 'Gimbal', 'Accessories', 'BrandT', 60),
(2099, 'Camera Lens', 'Accessories', 'BrandU', 100),
(2100, 'LED Light', 'Accessories', 'BrandV', 50);

-- --------------------------------------------------------

--
-- Table structure for table `ms_sales`
--

CREATE TABLE `ms_sales` (
  `sales_id` int(11) DEFAULT NULL,
  `sales` double DEFAULT NULL
) ENGINE=InnoDB DEFAULT CHARSET=utf8mb4 COLLATE=utf8mb4_general_ci;

--
-- Dumping data for table `ms_sales`
--

INSERT INTO `ms_sales` (`sales_id`, `sales`) VALUES
(301, 250),
(302, 950),
(303, 70),
(304, 180),
(305, 350),
(306, 480),
(307, 55),
(308, 35),
(309, 180),
(310, 350),
(311, 100),
(312, 120),
(313, 140),
(314, 160),
(315, 350),
(316, 600),
(317, 480),
(318, 420),
(319, 120),
(320, 180),
(321, 100),
(322, 240),
(323, 150),
(324, 120),
(325, 240),
(326, 350),
(327, 40),
(328, 60),
(329, 75),
(330, 110),
(331, 50),
(332, 85),
(333, 140),
(334, 180),
(335, 100),
(336, 85),
(337, 75),
(338, 120),
(339, 180),
(340, 600),
(341, 950),
(342, 850),
(343, 720),
(344, 350),
(345, 480),
(346, 600),
(347, 240),
(348, 180),
(349, 120),
(350, 60),
(351, 85),
(352, 540),
(353, 120),
(354, 40),
(355, 50),
(356, 75),
(357, 100),
(358, 720),
(359, 850),
(360, 480),
(361, 25),
(362, 20),
(363, 60),
(364, 30),
(365, 75),
(366, 40),
(367, 15),
(368, 100),
(369, 180),
(370, 120),
(371, 240),
(372, 110),
(373, 40),
(374, 25),
(375, 40),
(376, 12),
(377, 20),
(378, 35),
(379, 40),
(380, 25),
(381, 30),
(382, 40),
(383, 20),
(384, 50),
(385, 60),
(386, 40),
(387, 100),
(388, 75),
(389, 180),
(390, 50),
(391, 240),
(392, 85),
(393, 120),
(394, 25),
(395, 30),
(396, 15),
(397, 40),
(398, 75),
(399, 120),
(400, 60);

-- --------------------------------------------------------

--
-- Table structure for table `ms_transaction`
--

CREATE TABLE `ms_transaction` (
  `order_id` int(11) DEFAULT NULL,
  `discount` double DEFAULT NULL,
  `promotion_date` datetime DEFAULT NULL,
  `total_cost` double DEFAULT NULL,
  `total_sales` double DEFAULT NULL,
  `quantity` int(11) DEFAULT NULL,
  `sales_id` int(11) DEFAULT NULL
) ENGINE=InnoDB DEFAULT CHARSET=utf8mb4 COLLATE=utf8mb4_general_ci;

--
-- Dumping data for table `ms_transaction`
--

INSERT INTO `ms_transaction` (`order_id`, `discount`, `promotion_date`, `total_cost`, `total_sales`, `quantity`, `sales_id`) VALUES
(1001, 10, '2024-01-01 00:00:00', 200, 250, 1, 301),
(1002, 50, '2024-01-05 00:00:00', 800, 950, 1, 302),
(1003, 5, '2024-01-08 00:00:00', 100, 140, 2, 303),
(1004, 20, '2024-01-10 00:00:00', 150, 180, 1, 304),
(1005, 30, '2024-01-15 00:00:00', 300, 350, 1, 305),
(1006, 15, '2024-01-11 00:00:00', 400, 480, 1, 306),
(1007, 7, '2024-01-12 00:00:00', 120, 165, 3, 307),
(1008, 5, '2024-01-13 00:00:00', 50, 70, 2, 308),
(1009, 20, '2024-01-14 00:00:00', 150, 180, 1, 309),
(1010, 30, '2024-01-15 00:00:00', 600, 700, 2, 310),
(1011, 10, '2024-01-10 00:00:00', 80, 100, 1, 311),
(1012, 15, '2024-01-11 00:00:00', 200, 240, 2, 312),
(1013, 12, '2024-01-13 00:00:00', 120, 140, 1, 313),
(1014, 15, '2024-01-14 00:00:00', 140, 160, 1, 314),
(1015, 25, '2024-01-12 00:00:00', 300, 350, 1, 315),
(1016, 50, '2024-01-15 00:00:00', 500, 600, 1, 316),
(1017, 30, '2024-01-14 00:00:00', 400, 480, 1, 317),
(1018, 25, '2024-01-16 00:00:00', 350, 420, 1, 318),
(1019, 10, '2024-01-10 00:00:00', 100, 120, 1, 319),
(1020, 20, '2024-01-12 00:00:00', 300, 360, 2, 320),
(1021, 15, '2024-01-14 00:00:00', 240, 300, 3, 321),
(1022, 20, '2024-01-15 00:00:00', 200, 240, 1, 322),
(1023, 15, '2024-01-12 00:00:00', 240, 300, 2, 323),
(1024, 10, '2024-01-10 00:00:00', 100, 120, 1, 324),
(1025, 20, '2024-01-14 00:00:00', 400, 480, 2, 325),
(1026, 30, '2024-01-15 00:00:00', 300, 350, 1, 326),
(1027, 5, '2024-01-11 00:00:00', 120, 160, 4, 327),
(1028, 7, '2024-01-14 00:00:00', 50, 60, 1, 328),
(1029, 8, '2024-01-12 00:00:00', 60, 75, 1, 329),
(1030, 10, '2024-01-10 00:00:00', 180, 220, 2, 330),
(1031, 5, '2024-01-11 00:00:00', 40, 50, 1, 331),
(1032, 7, '2024-01-14 00:00:00', 140, 170, 2, 332),
(1033, 12, '2024-01-13 00:00:00', 120, 140, 1, 333),
(1034, 15, '2024-01-12 00:00:00', 150, 180, 1, 334),
(1035, 10, '2024-01-14 00:00:00', 80, 100, 1, 335),
(1036, 7, '2024-01-15 00:00:00', 140, 170, 2, 336),
(1037, 5, '2024-01-13 00:00:00', 60, 75, 1, 337),
(1038, 10, '2024-01-14 00:00:00', 100, 120, 1, 338),
(1039, 15, '2024-01-12 00:00:00', 150, 180, 1, 339),
(1040, 50, '2024-01-15 00:00:00', 500, 600, 1, 340),
(1041, 50, '2024-01-14 00:00:00', 800, 950, 1, 341),
(1042, 40, '2024-01-12 00:00:00', 700, 850, 1, 342),
(1043, 35, '2024-01-10 00:00:00', 600, 720, 1, 343),
(1044, 20, '2024-01-12 00:00:00', 300, 350, 1, 344),
(1045, 25, '2024-01-11 00:00:00', 400, 480, 1, 345),
(1046, 30, '2024-01-15 00:00:00', 500, 600, 1, 346),
(1047, 15, '2024-01-14 00:00:00', 200, 240, 1, 347),
(1048, 10, '2024-01-11 00:00:00', 150, 180, 1, 348),
(1049, 8, '2024-01-13 00:00:00', 100, 120, 1, 349),
(1050, 5, '2024-01-10 00:00:00', 50, 60, 1, 350),
(1051, 7, '2024-01-11 00:00:00', 70, 85, 1, 351),
(1052, 25, '2024-01-14 00:00:00', 450, 540, 1, 352),
(1053, 10, '2024-01-12 00:00:00', 200, 240, 2, 353),
(1054, 5, '2024-01-13 00:00:00', 60, 80, 2, 354),
(1055, 5, '2024-01-14 00:00:00', 40, 50, 1, 355),
(1056, 7, '2024-01-15 00:00:00', 60, 75, 1, 356),
(1057, 10, '2024-01-12 00:00:00', 160, 200, 2, 357),
(1058, 40, '2024-01-16 00:00:00', 600, 720, 1, 358),
(1059, 35, '2024-01-14 00:00:00', 700, 850, 1, 359),
(1060, 20, '2024-01-11 00:00:00', 400, 480, 1, 360),
(1061, 5, '2024-01-12 00:00:00', 60, 75, 3, 361),
(1062, 2, '2024-01-13 00:00:00', 30, 40, 2, 362),
(1063, 5, '2024-01-14 00:00:00', 100, 120, 2, 363),
(1064, 3, '2024-01-12 00:00:00', 25, 30, 1, 364),
(1065, 7, '2024-01-13 00:00:00', 60, 75, 1, 365),
(1066, 5, '2024-01-14 00:00:00', 30, 40, 1, 366),
(1067, 1, '2024-01-11 00:00:00', 20, 30, 2, 367),
(1068, 10, '2024-01-12 00:00:00', 80, 100, 1, 368),
(1069, 20, '2024-01-14 00:00:00', 150, 180, 1, 369),
(1070, 10, '2024-01-15 00:00:00', 100, 120, 1, 370),
(1071, 25, '2024-01-12 00:00:00', 400, 480, 2, 371),
(1072, 10, '2024-01-14 00:00:00', 90, 110, 1, 372),
(1073, 5, '2024-01-13 00:00:00', 60, 80, 2, 373),
(1074, 5, '2024-01-11 00:00:00', 60, 75, 3, 374),
(1075, 5, '2024-01-12 00:00:00', 60, 80, 2, 375),
(1076, 2, '2024-01-14 00:00:00', 50, 60, 5, 376),
(1077, 3, '2024-01-13 00:00:00', 45, 60, 3, 377),
(1078, 5, '2024-01-14 00:00:00', 50, 70, 2, 378),
(1079, 5, '2024-01-12 00:00:00', 60, 80, 2, 379),
(1080, 5, '2024-01-13 00:00:00', 60, 75, 3, 380),
(1081, 5, '2024-01-14 00:00:00', 50, 60, 2, 381),
(1082, 5, '2024-01-12 00:00:00', 60, 80, 2, 382),
(1083, 3, '2024-01-13 00:00:00', 45, 60, 3, 383),
(1084, 5, '2024-01-14 00:00:00', 40, 50, 1, 384),
(1085, 5, '2024-01-11 00:00:00', 100, 120, 2, 385),
(1086, 5, '2024-01-13 00:00:00', 60, 80, 2, 386),
(1087, 10, '2024-01-12 00:00:00', 80, 100, 1, 387),
(1088, 7, '2024-01-15 00:00:00', 60, 75, 1, 388),
(1089, 10, '2024-01-14 00:00:00', 150, 180, 1, 389),
(1090, 5, '2024-01-12 00:00:00', 40, 50, 1, 390),
(1091, 20, '2024-01-13 00:00:00', 200, 240, 1, 391),
(1092, 7, '2024-01-11 00:00:00', 70, 85, 1, 392),
(1093, 10, '2024-01-12 00:00:00', 100, 120, 1, 393),
(1094, 2, '2024-01-11 00:00:00', 20, 25, 1, 394),
(1095, 3, '2024-01-12 00:00:00', 25, 30, 1, 395),
(1096, 1, '2024-01-13 00:00:00', 10, 15, 1, 396),
(1097, 3, '2024-01-14 00:00:00', 30, 40, 1, 397),
(1098, 5, '2024-01-13 00:00:00', 60, 75, 1, 398),
(1099, 8, '2024-01-15 00:00:00', 100, 120, 1, 399),
(1100, 4, '2024-01-14 00:00:00', 50, 60, 1, 400);

-- --------------------------------------------------------

--
-- Table structure for table `online_ecommerce`
--

CREATE TABLE `online_ecommerce` (
  `row_id` varchar(10) DEFAULT NULL,
  `order_id` int(11) DEFAULT NULL,
  `customer_id` int(11) DEFAULT NULL,
  `customer_name` varchar(100) DEFAULT NULL,
  `state_code` varchar(2) DEFAULT NULL,
  `product_id` int(11) DEFAULT NULL,
  `product_name` varchar(100) DEFAULT NULL,
  `category` varchar(50) DEFAULT NULL,
  `brand` varchar(50) DEFAULT NULL,
  `cost` decimal(10,2) DEFAULT NULL,
  `sales_id` int(11) DEFAULT NULL,
  `sales` decimal(10,2) DEFAULT NULL,
  `quantity` int(11) DEFAULT NULL,
  `total_cost` decimal(10,2) DEFAULT NULL,
  `total_sales` decimal(10,2) DEFAULT NULL,
  `status` varchar(20) DEFAULT NULL,
  `delivery_date` date DEFAULT NULL,
  `discount` decimal(10,2) DEFAULT NULL,
  `promotion_date` date DEFAULT NULL
) ENGINE=InnoDB DEFAULT CHARSET=utf8mb4 COLLATE=utf8mb4_general_ci;

--
-- Dumping data for table `online_ecommerce`
--

INSERT INTO `online_ecommerce` (`row_id`, `order_id`, `customer_id`, `customer_name`, `state_code`, `product_id`, `product_name`, `category`, `brand`, `cost`, `sales_id`, `sales`, `quantity`, `total_cost`, `total_sales`, `status`, `delivery_date`, `discount`, `promotion_date`) VALUES
('R001', 1001, 501, 'John Doe', 'CA', 2001, 'Smartphone', 'Electronics', 'BrandA', 200.00, 301, 250.00, 1, 200.00, 250.00, 'Delivered', '2024-01-15', 10.00, '2024-01-01'),
('R002', 1002, 502, 'Jane Smith', 'NY', 2002, 'Laptop', 'Electronics', 'BrandB', 800.00, 302, 950.00, 1, 800.00, 950.00, 'Delivered', '2024-01-10', 50.00, '2024-01-05'),
('R003', 1003, 503, 'Alice Brown', 'TX', 2003, 'Headphones', 'Accessories', 'BrandC', 50.00, 303, 70.00, 2, 100.00, 140.00, 'Delivered', '2024-01-12', 5.00, '2024-01-08'),
('R004', 1004, 504, 'Bob White', 'FL', 2004, 'Smartwatch', 'Wearables', 'BrandD', 150.00, 304, 180.00, 1, 150.00, 180.00, 'Delivered', '2024-01-18', 20.00, '2024-01-10'),
('R005', 1005, 505, 'Chris Green', 'IL', 2005, 'Tablet', 'Electronics', 'BrandE', 300.00, 305, 350.00, 1, 300.00, 350.00, 'Pending', '2024-01-20', 30.00, '2024-01-15'),
('R006', 1006, 506, 'David King', 'CA', 2006, 'Camera', 'Electronics', 'BrandF', 400.00, 306, 480.00, 1, 400.00, 480.00, 'Delivered', '2024-01-22', 15.00, '2024-01-11'),
('R007', 1007, 507, 'Evelyn Moore', 'TX', 2007, 'Keyboard', 'Accessories', 'BrandG', 40.00, 307, 55.00, 3, 120.00, 165.00, 'Delivered', '2024-01-17', 7.00, '2024-01-12'),
('R008', 1008, 508, 'Grace Lee', 'NY', 2008, 'Mouse', 'Accessories', 'BrandH', 25.00, 308, 35.00, 2, 50.00, 70.00, 'Delivered', '2024-01-16', 5.00, '2024-01-13'),
('R009', 1009, 509, 'Henry Clark', 'FL', 2009, 'Speaker', 'Electronics', 'BrandI', 150.00, 309, 180.00, 1, 150.00, 180.00, 'Pending', '2024-01-21', 20.00, '2024-01-14'),
('R010', 1010, 510, 'Ivy Walker', 'IL', 2010, 'Monitor', 'Electronics', 'BrandJ', 300.00, 310, 350.00, 2, 600.00, 700.00, 'Delivered', '2024-01-19', 30.00, '2024-01-15'),
('R011', 1011, 511, 'Jack Hill', 'CA', 2011, 'Router', 'Electronics', 'BrandK', 80.00, 311, 100.00, 1, 80.00, 100.00, 'Delivered', '2024-01-18', 10.00, '2024-01-10'),
('R012', 1012, 512, 'Karen Scott', 'TX', 2012, 'External Hard Drive', 'Electronics', 'BrandL', 100.00, 312, 120.00, 2, 200.00, 240.00, 'Delivered', '2024-01-20', 15.00, '2024-01-11'),
('R013', 1013, 513, 'Louis Adams', 'NY', 2013, 'Printer', 'Electronics', 'BrandM', 120.00, 313, 140.00, 1, 120.00, 140.00, 'Delivered', '2024-01-16', 12.00, '2024-01-13'),
('R014', 1014, 514, 'Mia Campbell', 'FL', 2014, 'Scanner', 'Electronics', 'BrandN', 140.00, 314, 160.00, 1, 140.00, 160.00, 'Pending', '2024-01-23', 15.00, '2024-01-14'),
('R015', 1015, 515, 'Noah Parker', 'IL', 2015, 'Projector', 'Electronics', 'BrandO', 300.00, 315, 350.00, 1, 300.00, 350.00, 'Delivered', '2024-01-22', 25.00, '2024-01-12'),
('R016', 1016, 516, 'Olivia Mitchell', 'CA', 2016, 'Smart TV', 'Electronics', 'BrandP', 500.00, 316, 600.00, 1, 500.00, 600.00, 'Delivered', '2024-01-20', 50.00, '2024-01-15'),
('R017', 1017, 517, 'Patrick Lewis', 'TX', 2017, 'Gaming Console', 'Electronics', 'BrandQ', 400.00, 317, 480.00, 1, 400.00, 480.00, 'Pending', '2024-01-25', 30.00, '2024-01-14'),
('R018', 1018, 518, 'Quinn Young', 'NY', 2018, 'VR Headset', 'Electronics', 'BrandR', 350.00, 318, 420.00, 1, 350.00, 420.00, 'Delivered', '2024-01-21', 25.00, '2024-01-16'),
('R019', 1019, 519, 'Rachel Allen', 'FL', 2019, 'Fitness Tracker', 'Wearables', 'BrandS', 100.00, 319, 120.00, 1, 100.00, 120.00, 'Delivered', '2024-01-19', 10.00, '2024-01-10'),
('R020', 1020, 520, 'Samuel Harris', 'IL', 2020, 'Home Assistant', 'Electronics', 'BrandT', 150.00, 320, 180.00, 2, 300.00, 360.00, 'Delivered', '2024-01-17', 20.00, '2024-01-12'),
('R021', 1021, 521, 'Tara Robinson', 'CA', 2021, 'Smart Lights', 'Electronics', 'BrandU', 80.00, 321, 100.00, 3, 240.00, 300.00, 'Pending', '2024-01-25', 15.00, '2024-01-14'),
('R022', 1022, 522, 'Umar Martinez', 'TX', 2022, 'Smart Thermostat', 'Electronics', 'BrandV', 200.00, 322, 240.00, 1, 200.00, 240.00, 'Delivered', '2024-01-23', 20.00, '2024-01-15'),
('R023', 1023, 523, 'Vera Martin', 'NY', 2023, 'Security Camera', 'Electronics', 'BrandW', 120.00, 323, 150.00, 2, 240.00, 300.00, 'Delivered', '2024-01-19', 15.00, '2024-01-12'),
('R024', 1024, 524, 'Wade Collins', 'FL', 2024, 'Smart Lock', 'Electronics', 'BrandX', 100.00, 324, 120.00, 1, 100.00, 120.00, 'Delivered', '2024-01-18', 10.00, '2024-01-10'),
('R025', 1025, 525, 'Xena Hall', 'IL', 2025, 'Air Purifier', 'Home Appliances', 'BrandY', 200.00, 325, 240.00, 2, 400.00, 480.00, 'Pending', '2024-01-21', 20.00, '2024-01-14'),
('R026', 1026, 526, 'Yara King', 'CA', 2026, 'Robot Vacuum', 'Home Appliances', 'BrandZ', 300.00, 326, 350.00, 1, 300.00, 350.00, 'Delivered', '2024-01-24', 30.00, '2024-01-15'),
('R027', 1027, 527, 'Zane Hill', 'TX', 2027, 'Smart Plug', 'Electronics', 'BrandA', 30.00, 327, 40.00, 4, 120.00, 160.00, 'Delivered', '2024-01-20', 5.00, '2024-01-11'),
('R028', 1028, 528, 'Anna King', 'NY', 2028, 'Electric Kettle', 'Home Appliances', 'BrandB', 50.00, 328, 60.00, 1, 50.00, 60.00, 'Pending', '2024-01-22', 7.00, '2024-01-14'),
('R029', 1029, 529, 'Ben Lee', 'FL', 2029, 'Blender', 'Home Appliances', 'BrandC', 60.00, 329, 75.00, 1, 60.00, 75.00, 'Delivered', '2024-01-23', 8.00, '2024-01-12'),
('R030', 1030, 530, 'Chloe White', 'IL', 2030, 'Coffee Maker', 'Home Appliances', 'BrandD', 90.00, 330, 110.00, 2, 180.00, 220.00, 'Delivered', '2024-01-19', 10.00, '2024-01-10'),
('R031', 1031, 531, 'Dan Wilson', 'CA', 2031, 'Toaster', 'Home Appliances', 'BrandE', 40.00, 331, 50.00, 1, 40.00, 50.00, 'Pending', '2024-01-25', 5.00, '2024-01-11'),
('R032', 1032, 532, 'Ella Brown', 'TX', 2032, 'Juicer', 'Home Appliances', 'BrandF', 70.00, 332, 85.00, 2, 140.00, 170.00, 'Delivered', '2024-01-21', 7.00, '2024-01-14'),
('R033', 1033, 533, 'Frank Green', 'NY', 2033, 'Air Fryer', 'Home Appliances', 'BrandG', 120.00, 333, 140.00, 1, 120.00, 140.00, 'Delivered', '2024-01-18', 12.00, '2024-01-13'),
('R034', 1034, 534, 'Gina Walker', 'FL', 2034, 'Electric Grill', 'Home Appliances', 'BrandH', 150.00, 334, 180.00, 1, 150.00, 180.00, 'Delivered', '2024-01-24', 15.00, '2024-01-12'),
('R035', 1035, 535, 'Harry Young', 'IL', 2035, 'Ice Cream Maker', 'Home Appliances', 'BrandI', 80.00, 335, 100.00, 1, 80.00, 100.00, 'Pending', '2024-01-23', 10.00, '2024-01-14'),
('R036', 1036, 536, 'Isla Harris', 'CA', 2036, 'Slow Cooker', 'Home Appliances', 'BrandJ', 70.00, 336, 85.00, 2, 140.00, 170.00, 'Delivered', '2024-01-20', 7.00, '2024-01-15'),
('R037', 1037, 537, 'Jack Davis', 'TX', 2037, 'Rice Cooker', 'Home Appliances', 'BrandK', 60.00, 337, 75.00, 1, 60.00, 75.00, 'Delivered', '2024-01-19', 5.00, '2024-01-13'),
('R038', 1038, 538, 'Kate Johnson', 'NY', 2038, 'Pressure Cooker', 'Home Appliances', 'BrandL', 100.00, 338, 120.00, 1, 100.00, 120.00, 'Pending', '2024-01-26', 10.00, '2024-01-14'),
('R039', 1039, 539, 'Leo Thompson', 'FL', 2039, 'Microwave Oven', 'Home Appliances', 'BrandM', 150.00, 339, 180.00, 1, 150.00, 180.00, 'Delivered', '2024-01-18', 15.00, '2024-01-12'),
('R040', 1040, 540, 'Mia Martinez', 'IL', 2040, 'Dishwasher', 'Home Appliances', 'BrandN', 500.00, 340, 600.00, 1, 500.00, 600.00, 'Delivered', '2024-01-24', 50.00, '2024-01-15'),
('R041', 1041, 541, 'Nina Robinson', 'CA', 2041, 'Refrigerator', 'Home Appliances', 'BrandO', 800.00, 341, 950.00, 1, 800.00, 950.00, 'Pending', '2024-01-26', 50.00, '2024-01-14'),
('R042', 1042, 542, 'Owen Lewis', 'TX', 2042, 'Washing Machine', 'Home Appliances', 'BrandP', 700.00, 342, 850.00, 1, 700.00, 850.00, 'Delivered', '2024-01-23', 40.00, '2024-01-12'),
('R043', 1043, 543, 'Piper Clark', 'NY', 2043, 'Dryer', 'Home Appliances', 'BrandQ', 600.00, 343, 720.00, 1, 600.00, 720.00, 'Delivered', '2024-01-19', 35.00, '2024-01-10'),
('R044', 1044, 544, 'Quincy Hill', 'FL', 2044, 'Vacuum Cleaner', 'Home Appliances', 'BrandR', 300.00, 344, 350.00, 1, 300.00, 350.00, 'Pending', '2024-01-25', 20.00, '2024-01-12'),
('R045', 1045, 545, 'Ruby Scott', 'IL', 2045, 'Oven', 'Home Appliances', 'BrandS', 400.00, 345, 480.00, 1, 400.00, 480.00, 'Delivered', '2024-01-20', 25.00, '2024-01-11'),
('R046', 1046, 546, 'Sam King', 'CA', 2046, 'Stove', 'Home Appliances', 'BrandT', 500.00, 346, 600.00, 1, 500.00, 600.00, 'Delivered', '2024-01-19', 30.00, '2024-01-15'),
('R047', 1047, 547, 'Tina Lee', 'TX', 2047, 'Water Purifier', 'Home Appliances', 'BrandU', 200.00, 347, 240.00, 1, 200.00, 240.00, 'Pending', '2024-01-24', 15.00, '2024-01-14'),
('R048', 1048, 548, 'Uma Adams', 'NY', 2048, 'Dehumidifier', 'Home Appliances', 'BrandV', 150.00, 348, 180.00, 1, 150.00, 180.00, 'Delivered', '2024-01-21', 10.00, '2024-01-11'),
('R049', 1049, 549, 'Vera Johnson', 'FL', 2049, 'Humidifier', 'Home Appliances', 'BrandW', 100.00, 349, 120.00, 1, 100.00, 120.00, 'Delivered', '2024-01-20', 8.00, '2024-01-13'),
('R050', 1050, 550, 'Will Collins', 'IL', 2050, 'Fan', 'Home Appliances', 'BrandX', 50.00, 350, 60.00, 1, 50.00, 60.00, 'Delivered', '2024-01-19', 5.00, '2024-01-10'),
('R051', 1051, 551, 'Yara Brown', 'CA', 2051, 'Heater', 'Home Appliances', 'BrandY', 70.00, 351, 85.00, 1, 70.00, 85.00, 'Delivered', '2024-01-23', 7.00, '2024-01-11'),
('R052', 1052, 552, 'Zachary Martinez', 'TX', 2052, 'Air Conditioner', 'Home Appliances', 'BrandZ', 450.00, 352, 540.00, 1, 450.00, 540.00, 'Pending', '2024-01-26', 25.00, '2024-01-14'),
('R053', 1053, 553, 'Ava Johnson', 'NY', 2053, 'Smart Speaker', 'Electronics', 'BrandA', 100.00, 353, 120.00, 2, 200.00, 240.00, 'Delivered', '2024-01-24', 10.00, '2024-01-12'),
('R054', 1054, 554, 'Blake Harris', 'FL', 2054, 'Electric Toothbrush', 'Health & Wellness', 'BrandB', 30.00, 354, 40.00, 2, 60.00, 80.00, 'Delivered', '2024-01-19', 5.00, '2024-01-13'),
('R055', 1055, 555, 'Carter Lee', 'IL', 2055, 'Hair Dryer', 'Health & Wellness', 'BrandC', 40.00, 355, 50.00, 1, 40.00, 50.00, 'Pending', '2024-01-21', 5.00, '2024-01-14'),
('R056', 1056, 556, 'Daisy Walker', 'CA', 2056, 'Shaver', 'Health & Wellness', 'BrandD', 60.00, 356, 75.00, 1, 60.00, 75.00, 'Delivered', '2024-01-22', 7.00, '2024-01-15'),
('R057', 1057, 557, 'Ethan Green', 'TX', 2057, 'Electric Blanket', 'Home Appliances', 'BrandE', 80.00, 357, 100.00, 2, 160.00, 200.00, 'Delivered', '2024-01-25', 10.00, '2024-01-12'),
('R058', 1058, 558, 'Fiona Davis', 'NY', 2058, 'Treadmill', 'Health & Wellness', 'BrandF', 600.00, 358, 720.00, 1, 600.00, 720.00, 'Delivered', '2024-01-20', 40.00, '2024-01-16'),
('R059', 1059, 559, 'George Thompson', 'FL', 2059, 'Elliptical', 'Health & Wellness', 'BrandG', 700.00, 359, 850.00, 1, 700.00, 850.00, 'Pending', '2024-01-24', 35.00, '2024-01-14'),
('R060', 1060, 560, 'Hannah Martinez', 'IL', 2060, 'Exercise Bike', 'Health & Wellness', 'BrandH', 400.00, 360, 480.00, 1, 400.00, 480.00, 'Delivered', '2024-01-19', 20.00, '2024-01-11'),
('R061', 1061, 561, 'Ian Parker', 'CA', 2061, 'Yoga Mat', 'Health & Wellness', 'BrandI', 20.00, 361, 25.00, 3, 60.00, 75.00, 'Delivered', '2024-01-17', 5.00, '2024-01-12'),
('R062', 1062, 562, 'Jasmine Lewis', 'TX', 2062, 'Resistance Bands', 'Health & Wellness', 'BrandJ', 15.00, 362, 20.00, 2, 30.00, 40.00, 'Delivered', '2024-01-23', 2.00, '2024-01-13'),
('R063', 1063, 563, 'Kai Allen', 'NY', 2063, 'Dumbbells', 'Health & Wellness', 'BrandK', 50.00, 363, 60.00, 2, 100.00, 120.00, 'Pending', '2024-01-21', 5.00, '2024-01-14'),
('R064', 1064, 564, 'Lily King', 'FL', 2064, 'Foam Roller', 'Health & Wellness', 'BrandL', 25.00, 364, 30.00, 1, 25.00, 30.00, 'Delivered', '2024-01-20', 3.00, '2024-01-12'),
('R065', 1065, 565, 'Mason Robinson', 'IL', 2065, 'Kettlebell', 'Health & Wellness', 'BrandM', 60.00, 365, 75.00, 1, 60.00, 75.00, 'Delivered', '2024-01-18', 7.00, '2024-01-13'),
('R066', 1066, 566, 'Nina Harris', 'CA', 2066, 'Pull-Up Bar', 'Health & Wellness', 'BrandN', 30.00, 366, 40.00, 1, 30.00, 40.00, 'Pending', '2024-01-22', 5.00, '2024-01-14'),
('R067', 1067, 567, 'Owen Hill', 'TX', 2067, 'Jump Rope', 'Health & Wellness', 'BrandO', 10.00, 367, 15.00, 2, 20.00, 30.00, 'Delivered', '2024-01-19', 1.00, '2024-01-11'),
('R068', 1068, 568, 'Piper Adams', 'NY', 2068, 'Running Shoes', 'Health & Wellness', 'BrandP', 80.00, 368, 100.00, 1, 80.00, 100.00, 'Delivered', '2024-01-20', 10.00, '2024-01-12'),
('R069', 1069, 569, 'Quinn White', 'FL', 2069, 'Sports Watch', 'Wearables', 'BrandQ', 150.00, 369, 180.00, 1, 150.00, 180.00, 'Pending', '2024-01-23', 20.00, '2024-01-14'),
('R070', 1070, 570, 'Ruby Martinez', 'IL', 2070, 'Fitness Tracker', 'Wearables', 'BrandR', 100.00, 370, 120.00, 1, 100.00, 120.00, 'Delivered', '2024-01-19', 10.00, '2024-01-15'),
('R071', 1071, 571, 'Sam Brown', 'CA', 2071, 'Smartwatch', 'Wearables', 'BrandS', 200.00, 371, 240.00, 2, 400.00, 480.00, 'Delivered', '2024-01-21', 25.00, '2024-01-12'),
('R072', 1072, 572, 'Tina Parker', 'TX', 2072, 'Smart Band', 'Wearables', 'BrandT', 90.00, 372, 110.00, 1, 90.00, 110.00, 'Pending', '2024-01-23', 10.00, '2024-01-14'),
('R073', 1073, 573, 'Uma Wilson', 'NY', 2073, 'Earbuds', 'Accessories', 'BrandU', 30.00, 373, 40.00, 2, 60.00, 80.00, 'Delivered', '2024-01-20', 5.00, '2024-01-13'),
('R074', 1074, 574, 'Victor Lewis', 'FL', 2074, 'Charger', 'Accessories', 'BrandV', 20.00, 374, 25.00, 3, 60.00, 75.00, 'Delivered', '2024-01-17', 5.00, '2024-01-11'),
('R075', 1075, 575, 'Wendy Allen', 'IL', 2075, 'Power Bank', 'Accessories', 'BrandW', 30.00, 375, 40.00, 2, 60.00, 80.00, 'Pending', '2024-01-20', 5.00, '2024-01-12'),
('R076', 1076, 576, 'Xavier King', 'CA', 2076, 'USB Cable', 'Accessories', 'BrandX', 10.00, 376, 12.00, 5, 50.00, 60.00, 'Delivered', '2024-01-24', 2.00, '2024-01-14'),
('R077', 1077, 577, 'Yolanda Harris', 'TX', 2077, 'HDMI Cable', 'Accessories', 'BrandY', 15.00, 377, 20.00, 3, 45.00, 60.00, 'Delivered', '2024-01-19', 3.00, '2024-01-13'),
('R078', 1078, 578, 'Zara Wilson', 'NY', 2078, 'Wireless Mouse', 'Accessories', 'BrandZ', 25.00, 378, 35.00, 2, 50.00, 70.00, 'Pending', '2024-01-23', 5.00, '2024-01-14'),
('R079', 1079, 579, 'Andrew Brown', 'FL', 2079, 'Wireless Keyboard', 'Accessories', 'BrandA', 30.00, 379, 40.00, 2, 60.00, 80.00, 'Delivered', '2024-01-22', 5.00, '2024-01-12'),
('R080', 1080, 580, 'Betty Walker', 'IL', 2080, 'Smart Bulb', 'Electronics', 'BrandB', 20.00, 380, 25.00, 3, 60.00, 75.00, 'Delivered', '2024-01-21', 5.00, '2024-01-13'),
('R081', 1081, 581, 'Charlie Davis', 'CA', 2081, 'Smart Switch', 'Electronics', 'BrandC', 25.00, 381, 30.00, 2, 50.00, 60.00, 'Pending', '2024-01-25', 5.00, '2024-01-14'),
('R082', 1082, 582, 'Diana Thompson', 'TX', 2082, 'Smart Outlet', 'Electronics', 'BrandD', 30.00, 382, 40.00, 2, 60.00, 80.00, 'Delivered', '2024-01-20', 5.00, '2024-01-12'),
('R083', 1083, 583, 'Eli Martinez', 'NY', 2083, 'Smart Plug', 'Electronics', 'BrandE', 15.00, 383, 20.00, 3, 45.00, 60.00, 'Delivered', '2024-01-17', 3.00, '2024-01-13'),
('R084', 1084, 584, 'Fiona Parker', 'FL', 2084, 'WiFi Extender', 'Electronics', 'BrandF', 40.00, 384, 50.00, 1, 40.00, 50.00, 'Pending', '2024-01-23', 5.00, '2024-01-14'),
('R085', 1085, 585, 'George Lewis', 'IL', 2085, 'Bluetooth Speaker', 'Electronics', 'BrandG', 50.00, 385, 60.00, 2, 100.00, 120.00, 'Delivered', '2024-01-22', 5.00, '2024-01-11'),
('R086', 1086, 586, 'Holly Allen', 'CA', 2086, 'Wireless Charger', 'Accessories', 'BrandH', 30.00, 386, 40.00, 2, 60.00, 80.00, 'Delivered', '2024-01-18', 5.00, '2024-01-13'),
('R087', 1087, 587, 'Isaac Johnson', 'TX', 2087, 'Smart Hub', 'Electronics', 'BrandI', 80.00, 387, 100.00, 1, 80.00, 100.00, 'Pending', '2024-01-25', 10.00, '2024-01-12'),
('R088', 1088, 588, 'Jenna Brown', 'NY', 2088, 'Smart Doorbell', 'Electronics', 'BrandJ', 60.00, 388, 75.00, 1, 60.00, 75.00, 'Delivered', '2024-01-20', 7.00, '2024-01-15'),
('R089', 1089, 589, 'Kevin Walker', 'FL', 2089, 'Smart Thermostat', 'Electronics', 'BrandK', 150.00, 389, 180.00, 1, 150.00, 180.00, 'Delivered', '2024-01-21', 10.00, '2024-01-14'),
('R090', 1090, 590, 'Laura Davis', 'IL', 2090, 'Smart Smoke Detector', 'Electronics', 'BrandL', 40.00, 390, 50.00, 1, 40.00, 50.00, 'Pending', '2024-01-23', 5.00, '2024-01-12'),
('R091', 1091, 591, 'Mason Thompson', 'CA', 2091, 'Smart Security System', 'Electronics', 'BrandM', 200.00, 391, 240.00, 1, 200.00, 240.00, 'Delivered', '2024-01-24', 20.00, '2024-01-13'),
('R092', 1092, 592, 'Nora Martinez', 'TX', 2092, 'Smart Baby Monitor', 'Electronics', 'BrandN', 70.00, 392, 85.00, 1, 70.00, 85.00, 'Delivered', '2024-01-22', 7.00, '2024-01-11'),
('R093', 1093, 593, 'Owen Parker', 'NY', 2093, 'Smart Garage Door Opener', 'Electronics', 'BrandO', 100.00, 393, 120.00, 1, 100.00, 120.00, 'Pending', '2024-01-19', 10.00, '2024-01-12'),
('R094', 1094, 594, 'Piper White', 'FL', 2094, 'Laptop Stand', 'Accessories', 'BrandP', 20.00, 394, 25.00, 1, 20.00, 25.00, 'Delivered', '2024-01-19', 2.00, '2024-01-11'),
('R095', 1095, 595, 'Quinn Brown', 'IL', 2095, 'Hard Drive Enclosure', 'Accessories', 'BrandQ', 25.00, 395, 30.00, 1, 25.00, 30.00, 'Delivered', '2024-01-20', 3.00, '2024-01-12'),
('R096', 1096, 596, 'Ruby Harris', 'CA', 2096, 'USB Hub', 'Accessories', 'BrandR', 10.00, 396, 15.00, 1, 10.00, 15.00, 'Delivered', '2024-01-22', 1.00, '2024-01-13'),
('R097', 1097, 597, 'Sam Martinez', 'TX', 2097, 'Portable Speaker', 'Accessories', 'BrandS', 30.00, 397, 40.00, 1, 30.00, 40.00, 'Pending', '2024-01-24', 3.00, '2024-01-14'),
('R098', 1098, 598, 'Tina Johnson', 'NY', 2098, 'Gimbal', 'Accessories', 'BrandT', 60.00, 398, 75.00, 1, 60.00, 75.00, 'Delivered', '2024-01-23', 5.00, '2024-01-13'),
('R099', 1099, 599, 'Uma White', 'FL', 2099, 'Camera Lens', 'Accessories', 'BrandU', 100.00, 399, 120.00, 1, 100.00, 120.00, 'Delivered', '2024-01-21', 8.00, '2024-01-15'),
('R100', 1100, 600, 'Vera Brown', 'IL', 2100, 'LED Light', 'Accessories', 'BrandV', 50.00, 400, 60.00, 1, 50.00, 60.00, 'Pending', '2024-01-25', 4.00, '2024-01-14');
COMMIT;

/*!40101 SET CHARACTER_SET_CLIENT=@OLD_CHARACTER_SET_CLIENT */;
/*!40101 SET CHARACTER_SET_RESULTS=@OLD_CHARACTER_SET_RESULTS */;
/*!40101 SET COLLATION_CONNECTION=@OLD_COLLATION_CONNECTION */;
